country,iso3,year,latitude,longitude,total_deaths,civilian_deaths,combatant_deaths,unclear_deaths
Afghanistan,AFG,2015,33.93911,67.709953,18016,899,16136,981
Afghanistan,AFG,2016,33.93911,67.709953,18991,1067,17471,453
Afghanistan,AFG,2017,33.93911,67.709953,19766,1052,18318,396
Afghanistan,AFG,2018,33.93911,67.709953,26849,1839,24155,855
Afghanistan,AFG,2019,33.93911,67.709953,30434,1756,28385,293
Afghanistan,AFG,2020,33.93911,67.709953,20836,1663,19042,131
Afghanistan,AFG,2021,33.93911,67.709953,36375,1748,34341,286
Afghanistan,AFG,2022,33.93911,67.709953,1577,719,784,74
Afghanistan,AFG,2023,33.93911,67.709953,345,125,183,37
Afghanistan,AFG,2024,33.93911,67.709953,361,163,162,36
Albania,ALB,2015,41.153332,20.168331,0,0,0,0
Albania,ALB,2016,41.153332,20.168331,0,0,0,0
Albania,ALB,2017,41.153332,20.168331,0,0,0,0
Albania,ALB,2018,41.153332,20.168331,0,0,0,0
Albania,ALB,2019,41.153332,20.168331,0,0,0,0
Albania,ALB,2020,41.153332,20.168331,0,0,0,0
Albania,ALB,2021,41.153332,20.168331,0,0,0,0
Albania,ALB,2022,41.153332,20.168331,0,0,0,0
Albania,ALB,2023,41.153332,20.168331,0,0,0,0
Albania,ALB,2024,41.153332,20.168331,0,0,0,0
Algeria,DZA,2015,28.033886,1.659626,110,1,109,0
Algeria,DZA,2016,28.033886,1.659626,85,0,85,0
Algeria,DZA,2017,28.033886,1.659626,98,16,60,22
Algeria,DZA,2018,28.033886,1.659626,33,0,32,1
Algeria,DZA,2019,28.033886,1.659626,0,0,0,0
Algeria,DZA,2020,28.033886,1.659626,26,0,26,0
Algeria,DZA,2021,28.033886,1.659626,0,0,0,0
Algeria,DZA,2022,28.033886,1.659626,0,0,0,0
Algeria,DZA,2023,28.033886,1.659626,0,0,0,0
Algeria,DZA,2024,28.033886,1.659626,0,0,0,0
Andorra,AND,2015,42.546245,1.601554,0,0,0,0
Andorra,AND,2016,42.546245,1.601554,0,0,0,0
Andorra,AND,2017,42.546245,1.601554,0,0,0,0
Andorra,AND,2018,42.546245,1.601554,0,0,0,0
Andorra,AND,2019,42.546245,1.601554,0,0,0,0
Andorra,AND,2020,42.546245,1.601554,0,0,0,0
Andorra,AND,2021,42.546245,1.601554,0,0,0,0
Andorra,AND,2022,42.546245,1.601554,0,0,0,0
Andorra,AND,2023,42.546245,1.601554,0,0,0,0
Andorra,AND,2024,42.546245,1.601554,0,0,0,0
Angola,AGO,2015,-11.202692,17.873887,0,0,0,0
Angola,AGO,2016,-11.202692,17.873887,23,0,7,16
Angola,AGO,2017,-11.202692,17.873887,25,0,16,9
Angola,AGO,2018,-11.202692,17.873887,0,0,0,0
Angola,AGO,2019,-11.202692,17.873887,25,0,10,15
Angola,AGO,2020,-11.202692,17.873887,21,0,7,14
Angola,AGO,2021,-11.202692,17.873887,0,0,0,0
Angola,AGO,2022,-11.202692,17.873887,20,0,1,19
Angola,AGO,2023,-11.202692,17.873887,0,0,0,0
Angola,AGO,2024,-11.202692,17.873887,25,2,8,15
Antigua and Barbuda,ATG,2015,17.060816,-61.796428,0,0,0,0
Antigua and Barbuda,ATG,2016,17.060816,-61.796428,0,0,0,0
Antigua and Barbuda,ATG,2017,17.060816,-61.796428,0,0,0,0
Antigua and Barbuda,ATG,2018,17.060816,-61.796428,0,0,0,0
Antigua and Barbuda,ATG,2019,17.060816,-61.796428,0,0,0,0
Antigua and Barbuda,ATG,2020,17.060816,-61.796428,0,0,0,0
Antigua and Barbuda,ATG,2021,17.060816,-61.796428,0,0,0,0
Antigua and Barbuda,ATG,2022,17.060816,-61.796428,0,0,0,0
Antigua and Barbuda,ATG,2023,17.060816,-61.796428,0,0,0,0
Antigua and Barbuda,ATG,2024,17.060816,-61.796428,0,0,0,0
Argentina,ARG,2015,-38.416097,-63.616672,0,0,0,0
Argentina,ARG,2016,-38.416097,-63.616672,0,0,0,0
Argentina,ARG,2017,-38.416097,-63.616672,0,0,0,0
Argentina,ARG,2018,-38.416097,-63.616672,0,0,0,0
Argentina,ARG,2019,-38.416097,-63.616672,0,0,0,0
Argentina,ARG,2020,-38.416097,-63.616672,0,0,0,0
Argentina,ARG,2021,-38.416097,-63.616672,0,0,0,0
Argentina,ARG,2022,-38.416097,-63.616672,0,0,0,0
Argentina,ARG,2023,-38.416097,-63.616672,0,0,0,0
Argentina,ARG,2024,-38.416097,-63.616672,0,0,0,0
Armenia,ARM,2015,40.069099,45.038189,9,5,4,0
Armenia,ARM,2016,40.069099,45.038189,4,0,4,0
Armenia,ARM,2017,40.069099,45.038189,0,0,0,0
Armenia,ARM,2018,40.069099,45.038189,0,0,0,0
Armenia,ARM,2019,40.069099,45.038189,0,0,0,0
Armenia,ARM,2020,40.069099,45.038189,10,5,3,2
Armenia,ARM,2021,40.069099,45.038189,10,0,10,0
Armenia,ARM,2022,40.069099,45.038189,154,2,152,0
Armenia,ARM,2023,40.069099,45.038189,20,0,20,0
Armenia,ARM,2024,40.069099,45.038189,0,0,0,0
Australia,AUS,2015,-25.274398,133.775136,0,0,0,0
Australia,AUS,2016,-25.274398,133.775136,0,0,0,0
Australia,AUS,2017,-25.274398,133.775136,0,0,0,0
Australia,AUS,2018,-25.274398,133.775136,2,1,1,0
Australia,AUS,2019,-25.274398,133.775136,0,0,0,0
Australia,AUS,2020,-25.274398,133.775136,0,0,0,0
Australia,AUS,2021,-25.274398,133.775136,0,0,0,0
Australia,AUS,2022,-25.274398,133.775136,0,0,0,0
Australia,AUS,2023,-25.274398,133.775136,0,0,0,0
Australia,AUS,2024,-25.274398,133.775136,0,0,0,0
Austria,AUT,2015,47.516231,14.550072,0,0,0,0
Austria,AUT,2016,47.516231,14.550072,0,0,0,0
Austria,AUT,2017,47.516231,14.550072,0,0,0,0
Austria,AUT,2018,47.516231,14.550072,0,0,0,0
Austria,AUT,2019,47.516231,14.550072,0,0,0,0
Austria,AUT,2020,47.516231,14.550072,4,4,0,0
Austria,AUT,2021,47.516231,14.550072,0,0,0,0
Austria,AUT,2022,47.516231,14.550072,0,0,0,0
Austria,AUT,2023,47.516231,14.550072,0,0,0,0
Austria,AUT,2024,47.516231,14.550072,0,0,0,0
Azerbaijan,AZE,2015,40.143105,47.576927,63,0,61,2
Azerbaijan,AZE,2016,40.143105,47.576927,137,10,86,41
Azerbaijan,AZE,2017,40.143105,47.576927,36,2,34,0
Azerbaijan,AZE,2018,40.143105,47.576927,0,0,0,0
Azerbaijan,AZE,2019,40.143105,47.576927,0,0,0,0
Azerbaijan,AZE,2020,40.143105,47.576927,7636,142,7494,0
Azerbaijan,AZE,2021,40.143105,47.576927,30,12,18,0
Azerbaijan,AZE,2022,40.143105,47.576927,154,3,151,0
Azerbaijan,AZE,2023,40.143105,47.576927,442,31,405,6
Azerbaijan,AZE,2024,40.143105,47.576927,0,0,0,0
Bahamas,BHS,2015,25.03428,-77.39628,0,0,0,0
Bahamas,BHS,2016,25.03428,-77.39628,0,0,0,0
Bahamas,BHS,2017,25.03428,-77.39628,0,0,0,0
Bahamas,BHS,2018,25.03428,-77.39628,0,0,0,0
Bahamas,BHS,2019,25.03428,-77.39628,0,0,0,0
Bahamas,BHS,2020,25.03428,-77.39628,0,0,0,0
Bahamas,BHS,2021,25.03428,-77.39628,0,0,0,0
Bahamas,BHS,2022,25.03428,-77.39628,0,0,0,0
Bahamas,BHS,2023,25.03428,-77.39628,0,0,0,0
Bahamas,BHS,2024,25.03428,-77.39628,0,0,0,0
Bahrain,BHR,2015,25.930414,50.637772,0,0,0,0
Bahrain,BHR,2016,25.930414,50.637772,0,0,0,0
Bahrain,BHR,2017,25.930414,50.637772,0,0,0,0
Bahrain,BHR,2018,25.930414,50.637772,0,0,0,0
Bahrain,BHR,2019,25.930414,50.637772,0,0,0,0
Bahrain,BHR,2020,25.930414,50.637772,0,0,0,0
Bahrain,BHR,2021,25.930414,50.637772,0,0,0,0
Bahrain,BHR,2022,25.930414,50.637772,0,0,0,0
Bahrain,BHR,2023,25.930414,50.637772,0,0,0,0
Bahrain,BHR,2024,25.930414,50.637772,0,0,0,0
Bangladesh,BGD,2015,23.684994,90.356331,5,5,0,0
Bangladesh,BGD,2016,23.684994,90.356331,73,32,40,1
Bangladesh,BGD,2017,23.684994,90.356331,48,8,36,4
Bangladesh,BGD,2018,23.684994,90.356331,0,0,0,0
Bangladesh,BGD,2019,23.684994,90.356331,0,0,0,0
Bangladesh,BGD,2020,23.684994,90.356331,3,3,0,0
Bangladesh,BGD,2021,23.684994,90.356331,0,0,0,0
Bangladesh,BGD,2022,23.684994,90.356331,2,2,0,0
Bangladesh,BGD,2023,23.684994,90.356331,0,0,0,0
Bangladesh,BGD,2024,23.684994,90.356331,355,3,37,315
Barbados,BRB,2015,13.193887,-59.543198,0,0,0,0
Barbados,BRB,2016,13.193887,-59.543198,0,0,0,0
Barbados,BRB,2017,13.193887,-59.543198,0,0,0,0
Barbados,BRB,2018,13.193887,-59.543198,0,0,0,0
Barbados,BRB,2019,13.193887,-59.543198,0,0,0,0
Barbados,BRB,2020,13.193887,-59.543198,0,0,0,0
Barbados,BRB,2021,13.193887,-59.543198,0,0,0,0
Barbados,BRB,2022,13.193887,-59.543198,0,0,0,0
Barbados,BRB,2023,13.193887,-59.543198,0,0,0,0
Barbados,BRB,2024,13.193887,-59.543198,0,0,0,0
Belarus,BLR,2015,53.709807,27.953389,0,0,0,0
Belarus,BLR,2016,53.709807,27.953389,0,0,0,0
Belarus,BLR,2017,53.709807,27.953389,0,0,0,0
Belarus,BLR,2018,53.709807,27.953389,0,0,0,0
Belarus,BLR,2019,53.709807,27.953389,0,0,0,0
Belarus,BLR,2020,53.709807,27.953389,0,0,0,0
Belarus,BLR,2021,53.709807,27.953389,0,0,0,0
Belarus,BLR,2022,53.709807,27.953389,0,0,0,0
Belarus,BLR,2023,53.709807,27.953389,0,0,0,0
Belarus,BLR,2024,53.709807,27.953389,0,0,0,0
Belgium,BEL,2015,50.503887,4.469936,0,0,0,0
Belgium,BEL,2016,50.503887,4.469936,34,32,2,0
Belgium,BEL,2017,50.503887,4.469936,0,0,0,0
Belgium,BEL,2018,50.503887,4.469936,4,1,3,0
Belgium,BEL,2019,50.503887,4.469936,0,0,0,0
Belgium,BEL,2020,50.503887,4.469936,0,0,0,0
Belgium,BEL,2021,50.503887,4.469936,0,0,0,0
Belgium,BEL,2022,50.503887,4.469936,0,0,0,0
Belgium,BEL,2023,50.503887,4.469936,2,2,0,0
Belgium,BEL,2024,50.503887,4.469936,0,0,0,0
Belize,BLZ,2015,17.189877,-88.49765,0,0,0,0
Belize,BLZ,2016,17.189877,-88.49765,0,0,0,0
Belize,BLZ,2017,17.189877,-88.49765,0,0,0,0
Belize,BLZ,2018,17.189877,-88.49765,0,0,0,0
Belize,BLZ,2019,17.189877,-88.49765,0,0,0,0
Belize,BLZ,2020,17.189877,-88.49765,0,0,0,0
Belize,BLZ,2021,17.189877,-88.49765,0,0,0,0
Belize,BLZ,2022,17.189877,-88.49765,0,0,0,0
Belize,BLZ,2023,17.189877,-88.49765,0,0,0,0
Belize,BLZ,2024,17.189877,-88.49765,0,0,0,0
Benin,BEN,2015,9.30769,2.315834,0,0,0,0
Benin,BEN,2016,9.30769,2.315834,0,0,0,0
Benin,BEN,2017,9.30769,2.315834,0,0,0,0
Benin,BEN,2018,9.30769,2.315834,0,0,0,0
Benin,BEN,2019,9.30769,2.315834,1,1,0,0
Benin,BEN,2020,9.30769,2.315834,0,0,0,0
Benin,BEN,2021,9.30769,2.315834,0,0,0,0
Benin,BEN,2022,9.30769,2.315834,30,1,28,1
Benin,BEN,2023,9.30769,2.315834,46,27,19,0
Benin,BEN,2024,9.30769,2.315834,83,10,68,5
Bhutan,BTN,2015,27.514162,90.433601,0,0,0,0
Bhutan,BTN,2016,27.514162,90.433601,0,0,0,0
Bhutan,BTN,2017,27.514162,90.433601,0,0,0,0
Bhutan,BTN,2018,27.514162,90.433601,0,0,0,0
Bhutan,BTN,2019,27.514162,90.433601,0,0,0,0
Bhutan,BTN,2020,27.514162,90.433601,0,0,0,0
Bhutan,BTN,2021,27.514162,90.433601,0,0,0,0
Bhutan,BTN,2022,27.514162,90.433601,0,0,0,0
Bhutan,BTN,2023,27.514162,90.433601,0,0,0,0
Bhutan,BTN,2024,27.514162,90.433601,0,0,0,0
Bolivia,BOL,2015,-16.290154,-63.588653,0,0,0,0
Bolivia,BOL,2016,-16.290154,-63.588653,0,0,0,0
Bolivia,BOL,2017,-16.290154,-63.588653,0,0,0,0
Bolivia,BOL,2018,-16.290154,-63.588653,0,0,0,0
Bolivia,BOL,2019,-16.290154,-63.588653,0,0,0,0
Bolivia,BOL,2020,-16.290154,-63.588653,1,0,0,1
Bolivia,BOL,2021,-16.290154,-63.588653,1,0,1,0
Bolivia,BOL,2022,-16.290154,-63.588653,1,0,1,0
Bolivia,BOL,2023,-16.290154,-63.588653,1,0,0,1
Bolivia,BOL,2024,-16.290154,-63.588653,0,0,0,0
Bosnia and Herzegovina,BIH,2015,43.915886,17.679076,0,0,0,0
Bosnia and Herzegovina,BIH,2016,43.915886,17.679076,0,0,0,0
Bosnia and Herzegovina,BIH,2017,43.915886,17.679076,0,0,0,0
Bosnia and Herzegovina,BIH,2018,43.915886,17.679076,0,0,0,0
Bosnia and Herzegovina,BIH,2019,43.915886,17.679076,0,0,0,0
Bosnia and Herzegovina,BIH,2020,43.915886,17.679076,0,0,0,0
Bosnia and Herzegovina,BIH,2021,43.915886,17.679076,0,0,0,0
Bosnia and Herzegovina,BIH,2022,43.915886,17.679076,0,0,0,0
Bosnia and Herzegovina,BIH,2023,43.915886,17.679076,0,0,0,0
Bosnia and Herzegovina,BIH,2024,43.915886,17.679076,0,0,0,0
Botswana,BWA,2015,-22.328474,24.684866,0,0,0,0
Botswana,BWA,2016,-22.328474,24.684866,0,0,0,0
Botswana,BWA,2017,-22.328474,24.684866,0,0,0,0
Botswana,BWA,2018,-22.328474,24.684866,0,0,0,0
Botswana,BWA,2019,-22.328474,24.684866,0,0,0,0
Botswana,BWA,2020,-22.328474,24.684866,0,0,0,0
Botswana,BWA,2021,-22.328474,24.684866,0,0,0,0
Botswana,BWA,2022,-22.328474,24.684866,0,0,0,0
Botswana,BWA,2023,-22.328474,24.684866,0,0,0,0
Botswana,BWA,2024,-22.328474,24.684866,0,0,0,0
Brazil,BRA,2015,-14.235004,-51.92528,65,1,42,22
Brazil,BRA,2016,-14.235004,-51.92528,147,4,22,121
Brazil,BRA,2017,-14.235004,-51.92528,3045,13,168,2864
Brazil,BRA,2018,-14.235004,-51.92528,2635,18,77,2540
Brazil,BRA,2019,-14.235004,-51.92528,1659,42,78,1539
Brazil,BRA,2020,-14.235004,-51.92528,2578,26,46,2506
Brazil,BRA,2021,-14.235004,-51.92528,2582,81,97,2404
Brazil,BRA,2022,-14.235004,-51.92528,1650,160,143,1347
Brazil,BRA,2023,-14.235004,-51.92528,2388,235,140,2013
Brazil,BRA,2024,-14.235004,-51.92528,1569,97,137,1335
Brunei,BRN,2015,4.535277,114.727669,0,0,0,0
Brunei,BRN,2016,4.535277,114.727669,0,0,0,0
Brunei,BRN,2017,4.535277,114.727669,0,0,0,0
Brunei,BRN,2018,4.535277,114.727669,0,0,0,0
Brunei,BRN,2019,4.535277,114.727669,0,0,0,0
Brunei,BRN,2020,4.535277,114.727669,0,0,0,0
Brunei,BRN,2021,4.535277,114.727669,0,0,0,0
Brunei,BRN,2022,4.535277,114.727669,0,0,0,0
Brunei,BRN,2023,4.535277,114.727669,0,0,0,0
Brunei,BRN,2024,4.535277,114.727669,0,0,0,0
Bulgaria,BGR,2015,42.733883,25.48583,0,0,0,0
Bulgaria,BGR,2016,42.733883,25.48583,0,0,0,0
Bulgaria,BGR,2017,42.733883,25.48583,0,0,0,0
Bulgaria,BGR,2018,42.733883,25.48583,0,0,0,0
Bulgaria,BGR,2019,42.733883,25.48583,0,0,0,0
Bulgaria,BGR,2020,42.733883,25.48583,0,0,0,0
Bulgaria,BGR,2021,42.733883,25.48583,0,0,0,0
Bulgaria,BGR,2022,42.733883,25.48583,0,0,0,0
Bulgaria,BGR,2023,42.733883,25.48583,0,0,0,0
Bulgaria,BGR,2024,42.733883,25.48583,0,0,0,0
Burkina Faso,BFA,2015,12.238333,-1.561593,0,0,0,0
Burkina Faso,BFA,2016,12.238333,-1.561593,25,0,0,25
Burkina Faso,BFA,2017,12.238333,-1.561593,34,34,0,0
Burkina Faso,BFA,2018,12.238333,-1.561593,171,93,78,0
Burkina Faso,BFA,2019,12.238333,-1.561593,1245,896,342,7
Burkina Faso,BFA,2020,12.238333,-1.561593,1152,550,507,95
Burkina Faso,BFA,2021,12.238333,-1.561593,1454,495,902,57
Burkina Faso,BFA,2022,12.238333,-1.561593,2702,942,1712,48
Burkina Faso,BFA,2023,12.238333,-1.561593,6132,1581,4393,158
Burkina Faso,BFA,2024,12.238333,-1.561593,4253,2172,1867,214
Burundi,BDI,2015,-3.373056,29.918886,265,81,180,4
Burundi,BDI,2016,-3.373056,29.918886,85,85,0,0
Burundi,BDI,2017,-3.373056,29.918886,38,38,0,0
Burundi,BDI,2018,-3.373056,29.918886,109,109,0,0
Burundi,BDI,2019,-3.373056,29.918886,75,59,16,0
Burundi,BDI,2020,-3.373056,29.918886,127,67,60,0
Burundi,BDI,2021,-3.373056,29.918886,76,63,13,0
Burundi,BDI,2022,-3.373056,29.918886,38,38,0,0
Burundi,BDI,2023,-3.373056,29.918886,124,60,64,0
Burundi,BDI,2024,-3.373056,29.918886,70,59,9,2
Cambodia,KHM,2015,12.565679,104.990963,0,0,0,0
Cambodia,KHM,2016,12.565679,104.990963,0,0,0,0
Cambodia,KHM,2017,12.565679,104.990963,0,0,0,0
Cambodia,KHM,2018,12.565679,104.990963,0,0,0,0
Cambodia,KHM,2019,12.565679,104.990963,0,0,0,0
Cambodia,KHM,2020,12.565679,104.990963,0,0,0,0
Cambodia,KHM,2021,12.565679,104.990963,0,0,0,0
Cambodia,KHM,2022,12.565679,104.990963,0,0,0,0
Cambodia,KHM,2023,12.565679,104.990963,0,0,0,0
Cambodia,KHM,2024,12.565679,104.990963,0,0,0,0
Cameroon,CMR,2015,7.369722,12.354722,1263,340,769,154
Cameroon,CMR,2016,7.369722,12.354722,485,302,177,6
Cameroon,CMR,2017,7.369722,12.354722,387,230,152,5
Cameroon,CMR,2018,7.369722,12.354722,941,242,511,188
Cameroon,CMR,2019,7.369722,12.354722,830,228,425,177
Cameroon,CMR,2020,7.369722,12.354722,780,432,297,51
Cameroon,CMR,2021,7.369722,12.354722,797,267,459,71
Cameroon,CMR,2022,7.369722,12.354722,657,289,348,20
Cameroon,CMR,2023,7.369722,12.354722,621,299,320,2
Cameroon,CMR,2024,7.369722,12.354722,378,172,204,2
Canada,CAN,2015,56.130366,-106.346771,0,0,0,0
Canada,CAN,2016,56.130366,-106.346771,0,0,0,0
Canada,CAN,2017,56.130366,-106.346771,0,0,0,0
Canada,CAN,2018,56.130366,-106.346771,0,0,0,0
Canada,CAN,2019,56.130366,-106.346771,0,0,0,0
Canada,CAN,2020,56.130366,-106.346771,0,0,0,0
Canada,CAN,2021,56.130366,-106.346771,0,0,0,0
Canada,CAN,2022,56.130366,-106.346771,0,0,0,0
Canada,CAN,2023,56.130366,-106.346771,0,0,0,0
Canada,CAN,2024,56.130366,-106.346771,0,0,0,0
Cape Verde,CPV,2015,16.002082,-24.013197,0,0,0,0
Cape Verde,CPV,2016,16.002082,-24.013197,0,0,0,0
Cape Verde,CPV,2017,16.002082,-24.013197,0,0,0,0
Cape Verde,CPV,2018,16.002082,-24.013197,0,0,0,0
Cape Verde,CPV,2019,16.002082,-24.013197,0,0,0,0
Cape Verde,CPV,2020,16.002082,-24.013197,0,0,0,0
Cape Verde,CPV,2021,16.002082,-24.013197,0,0,0,0
Cape Verde,CPV,2022,16.002082,-24.013197,0,0,0,0
Cape Verde,CPV,2023,16.002082,-24.013197,0,0,0,0
Cape Verde,CPV,2024,16.002082,-24.013197,0,0,0,0
Central African Republic,CAF,2015,6.611111,20.939444,719,409,49,261
Central African Republic,CAF,2016,6.611111,20.939444,628,482,17,129
Central African Republic,CAF,2017,6.611111,20.939444,1756,964,124,668
Central African Republic,CAF,2018,6.611111,20.939444,612,316,72,224
Central African Republic,CAF,2019,6.611111,20.939444,422,92,167,163
Central African Republic,CAF,2020,6.611111,20.939444,217,55,65,97
Central African Republic,CAF,2021,6.611111,20.939444,1080,399,318,363
Central African Republic,CAF,2022,6.611111,20.939444,767,336,307,124
Central African Republic,CAF,2023,6.611111,20.939444,390,99,289,2
Central African Republic,CAF,2024,6.611111,20.939444,468,300,162,6
Chad,TCD,2015,15.454166,18.732207,389,114,274,1
Chad,TCD,2016,15.454166,18.732207,2,2,0,0
Chad,TCD,2017,15.454166,18.732207,88,3,85,0
Chad,TCD,2018,15.454166,18.732207,168,28,140,0
Chad,TCD,2019,15.454166,18.732207,251,46,140,65
Chad,TCD,2020,15.454166,18.732207,249,29,195,25
Chad,TCD,2021,15.454166,18.732207,666,21,645,0
Chad,TCD,2022,15.454166,18.732207,91,4,46,41
Chad,TCD,2023,15.454166,18.732207,112,9,84,19
Chad,TCD,2024,15.454166,18.732207,194,16,118,60
Chile,CHL,2015,-35.675147,-71.542969,0,0,0,0
Chile,CHL,2016,-35.675147,-71.542969,0,0,0,0
Chile,CHL,2017,-35.675147,-71.542969,0,0,0,0
Chile,CHL,2018,-35.675147,-71.542969,0,0,0,0
Chile,CHL,2019,-35.675147,-71.542969,0,0,0,0
Chile,CHL,2020,-35.675147,-71.542969,0,0,0,0
Chile,CHL,2021,-35.675147,-71.542969,0,0,0,0
Chile,CHL,2022,-35.675147,-71.542969,0,0,0,0
Chile,CHL,2023,-35.675147,-71.542969,0,0,0,0
Chile,CHL,2024,-35.675147,-71.542969,0,0,0,0
China,CHN,2015,35.86166,104.195397,5,5,0,0
China,CHN,2016,35.86166,104.195397,0,0,0,0
China,CHN,2017,35.86166,104.195397,0,0,0,0
China,CHN,2018,35.86166,104.195397,0,0,0,0
China,CHN,2019,35.86166,104.195397,0,0,0,0
China,CHN,2020,35.86166,104.195397,0,0,0,0
China,CHN,2021,35.86166,104.195397,0,0,0,0
China,CHN,2022,35.86166,104.195397,0,0,0,0
China,CHN,2023,35.86166,104.195397,1,1,0,0
China,CHN,2024,35.86166,104.195397,0,0,0,0
Colombia,COL,2015,4.570868,-74.297333,134,1,133,0
Colombia,COL,2016,4.570868,-74.297333,30,0,30,0
Colombia,COL,2017,4.570868,-74.297333,37,32,0,5
Colombia,COL,2018,4.570868,-74.297333,213,83,128,2
Colombia,COL,2019,4.570868,-74.297333,115,5,110,0
Colombia,COL,2020,4.570868,-74.297333,114,94,20,0
Colombia,COL,2021,4.570868,-74.297333,253,130,101,22
Colombia,COL,2022,4.570868,-74.297333,333,149,116,68
Colombia,COL,2023,4.570868,-74.297333,507,271,112,124
Colombia,COL,2024,4.570868,-74.297333,576,185,233,158
Comoros,COM,2015,-11.875001,43.872219,0,0,0,0
Comoros,COM,2016,-11.875001,43.872219,0,0,0,0
Comoros,COM,2017,-11.875001,43.872219,0,0,0,0
Comoros,COM,2018,-11.875001,43.872219,0,0,0,0
Comoros,COM,2019,-11.875001,43.872219,0,0,0,0
Comoros,COM,2020,-11.875001,43.872219,0,0,0,0
Comoros,COM,2021,-11.875001,43.872219,0,0,0,0
Comoros,COM,2022,-11.875001,43.872219,0,0,0,0
Comoros,COM,2023,-11.875001,43.872219,0,0,0,0
Comoros,COM,2024,-11.875001,43.872219,0,0,0,0
Congo,COG,2015,-0.228021,15.827659,0,0,0,0
Congo,COG,2016,-0.228021,15.827659,73,42,29,2
Congo,COG,2017,-0.228021,15.827659,0,0,0,0
Congo,COG,2018,-0.228021,15.827659,696,0,175,521
Congo,COG,2019,-0.228021,15.827659,1,0,1,0
Congo,COG,2020,-0.228021,15.827659,0,0,0,0
Congo,COG,2021,-0.228021,15.827659,0,0,0,0
Congo,COG,2022,-0.228021,15.827659,358,4,354,0
Congo,COG,2023,-0.228021,15.827659,0,0,0,0
Congo,COG,2024,-0.228021,15.827659,300,300,0,0
Costa Rica,CRI,2015,9.748917,-83.753428,0,0,0,0
Costa Rica,CRI,2016,9.748917,-83.753428,0,0,0,0
Costa Rica,CRI,2017,9.748917,-83.753428,0,0,0,0
Costa Rica,CRI,2018,9.748917,-83.753428,0,0,0,0
Costa Rica,CRI,2019,9.748917,-83.753428,0,0,0,0
Costa Rica,CRI,2020,9.748917,-83.753428,0,0,0,0
Costa Rica,CRI,2021,9.748917,-83.753428,0,0,0,0
Costa Rica,CRI,2022,9.748917,-83.753428,0,0,0,0
Costa Rica,CRI,2023,9.748917,-83.753428,0,0,0,0
Costa Rica,CRI,2024,9.748917,-83.753428,0,0,0,0
Cote d'Ivoire,CIV,2015,7.539989,-5.54708,0,0,0,0
Cote d'Ivoire,CIV,2016,7.539989,-5.54708,49,16,0,33
Cote d'Ivoire,CIV,2017,7.539989,-5.54708,0,0,0,0
Cote d'Ivoire,CIV,2018,7.539989,-5.54708,0,0,0,0
Cote d'Ivoire,CIV,2019,7.539989,-5.54708,0,0,0,0
Cote d'Ivoire,CIV,2020,7.539989,-5.54708,0,0,0,0
Cote d'Ivoire,CIV,2021,7.539989,-5.54708,0,0,0,0
Cote d'Ivoire,CIV,2022,7.539989,-5.54708,0,0,0,0
Cote d'Ivoire,CIV,2023,7.539989,-5.54708,0,0,0,0
Cote d'Ivoire,CIV,2024,7.539989,-5.54708,0,0,0,0
Croatia,HRV,2015,45.1,15.2,0,0,0,0
Croatia,HRV,2016,45.1,15.2,0,0,0,0
Croatia,HRV,2017,45.1,15.2,0,0,0,0
Croatia,HRV,2018,45.1,15.2,0,0,0,0
Croatia,HRV,2019,45.1,15.2,0,0,0,0
Croatia,HRV,2020,45.1,15.2,0,0,0,0
Croatia,HRV,2021,45.1,15.2,0,0,0,0
Croatia,HRV,2022,45.1,15.2,0,0,0,0
Croatia,HRV,2023,45.1,15.2,0,0,0,0
Croatia,HRV,2024,45.1,15.2,0,0,0,0
Cuba,CUB,2015,21.521757,-77.781167,0,0,0,0
Cuba,CUB,2016,21.521757,-77.781167,0,0,0,0
Cuba,CUB,2017,21.521757,-77.781167,0,0,0,0
Cuba,CUB,2018,21.521757,-77.781167,0,0,0,0
Cuba,CUB,2019,21.521757,-77.781167,0,0,0,0
Cuba,CUB,2020,21.521757,-77.781167,0,0,0,0
Cuba,CUB,2021,21.521757,-77.781167,0,0,0,0
Cuba,CUB,2022,21.521757,-77.781167,0,0,0,0
Cuba,CUB,2023,21.521757,-77.781167,0,0,0,0
Cuba,CUB,2024,21.521757,-77.781167,0,0,0,0
Cyprus,CYP,2015,35.126413,33.429859,0,0,0,0
Cyprus,CYP,2016,35.126413,33.429859,0,0,0,0
Cyprus,CYP,2017,35.126413,33.429859,0,0,0,0
Cyprus,CYP,2018,35.126413,33.429859,0,0,0,0
Cyprus,CYP,2019,35.126413,33.429859,0,0,0,0
Cyprus,CYP,2020,35.126413,33.429859,0,0,0,0
Cyprus,CYP,2021,35.126413,33.429859,0,0,0,0
Cyprus,CYP,2022,35.126413,33.429859,0,0,0,0
Cyprus,CYP,2023,35.126413,33.429859,0,0,0,0
Cyprus,CYP,2024,35.126413,33.429859,0,0,0,0
Czechia,CZE,2015,49.817492,15.472962,0,0,0,0
Czechia,CZE,2016,49.817492,15.472962,0,0,0,0
Czechia,CZE,2017,49.817492,15.472962,0,0,0,0
Czechia,CZE,2018,49.817492,15.472962,0,0,0,0
Czechia,CZE,2019,49.817492,15.472962,0,0,0,0
Czechia,CZE,2020,49.817492,15.472962,0,0,0,0
Czechia,CZE,2021,49.817492,15.472962,0,0,0,0
Czechia,CZE,2022,49.817492,15.472962,0,0,0,0
Czechia,CZE,2023,49.817492,15.472962,0,0,0,0
Czechia,CZE,2024,49.817492,15.472962,0,0,0,0
Democratic Republic of Congo,COD,2015,-4.038333,21.758664,637,449,186,2
Democratic Republic of Congo,COD,2016,-4.038333,21.758664,2143,725,648,770
Democratic Republic of Congo,COD,2017,-4.038333,21.758664,5822,1708,2227,1887
Democratic Republic of Congo,COD,2018,-4.038333,21.758664,2262,679,877,706
Democratic Republic of Congo,COD,2019,-4.038333,21.758664,2395,1101,848,446
Democratic Republic of Congo,COD,2020,-4.038333,21.758664,3847,2296,1287,264
Democratic Republic of Congo,COD,2021,-4.038333,21.758664,3476,2348,1047,81
Democratic Republic of Congo,COD,2022,-4.038333,21.758664,5498,3646,1565,287
Democratic Republic of Congo,COD,2023,-4.038333,21.758664,3854,2979,699,176
Democratic Republic of Congo,COD,2024,-4.038333,21.758664,5054,3961,594,499
Denmark,DNK,2015,56.26392,9.501785,0,0,0,0
Denmark,DNK,2016,56.26392,9.501785,0,0,0,0
Denmark,DNK,2017,56.26392,9.501785,0,0,0,0
Denmark,DNK,2018,56.26392,9.501785,0,0,0,0
Denmark,DNK,2019,56.26392,9.501785,0,0,0,0
Denmark,DNK,2020,56.26392,9.501785,0,0,0,0
Denmark,DNK,2021,56.26392,9.501785,0,0,0,0
Denmark,DNK,2022,56.26392,9.501785,0,0,0,0
Denmark,DNK,2023,56.26392,9.501785,0,0,0,0
Denmark,DNK,2024,56.26392,9.501785,0,0,0,0
Djibouti,DJI,2015,11.825138,42.590275,0,0,0,0
Djibouti,DJI,2016,11.825138,42.590275,0,0,0,0
Djibouti,DJI,2017,11.825138,42.590275,0,0,0,0
Djibouti,DJI,2018,11.825138,42.590275,6,0,6,0
Djibouti,DJI,2019,11.825138,42.590275,0,0,0,0
Djibouti,DJI,2020,11.825138,42.590275,0,0,0,0
Djibouti,DJI,2021,11.825138,42.590275,0,0,0,0
Djibouti,DJI,2022,11.825138,42.590275,0,0,0,0
Djibouti,DJI,2023,11.825138,42.590275,0,0,0,0
Djibouti,DJI,2024,11.825138,42.590275,0,0,0,0
Dominica,DMA,2015,15.414999,-61.370976,0,0,0,0
Dominica,DMA,2016,15.414999,-61.370976,0,0,0,0
Dominica,DMA,2017,15.414999,-61.370976,0,0,0,0
Dominica,DMA,2018,15.414999,-61.370976,0,0,0,0
Dominica,DMA,2019,15.414999,-61.370976,0,0,0,0
Dominica,DMA,2020,15.414999,-61.370976,0,0,0,0
Dominica,DMA,2021,15.414999,-61.370976,0,0,0,0
Dominica,DMA,2022,15.414999,-61.370976,0,0,0,0
Dominica,DMA,2023,15.414999,-61.370976,0,0,0,0
Dominica,DMA,2024,15.414999,-61.370976,0,0,0,0
Dominican Republic,DOM,2015,18.735693,-70.162651,0,0,0,0
Dominican Republic,DOM,2016,18.735693,-70.162651,0,0,0,0
Dominican Republic,DOM,2017,18.735693,-70.162651,0,0,0,0
Dominican Republic,DOM,2018,18.735693,-70.162651,0,0,0,0
Dominican Republic,DOM,2019,18.735693,-70.162651,0,0,0,0
Dominican Republic,DOM,2020,18.735693,-70.162651,0,0,0,0
Dominican Republic,DOM,2021,18.735693,-70.162651,0,0,0,0
Dominican Republic,DOM,2022,18.735693,-70.162651,0,0,0,0
Dominican Republic,DOM,2023,18.735693,-70.162651,0,0,0,0
Dominican Republic,DOM,2024,18.735693,-70.162651,0,0,0,0
East Timor,TLS,2015,-8.874217,125.727539,0,0,0,0
East Timor,TLS,2016,-8.874217,125.727539,0,0,0,0
East Timor,TLS,2017,-8.874217,125.727539,0,0,0,0
East Timor,TLS,2018,-8.874217,125.727539,0,0,0,0
East Timor,TLS,2019,-8.874217,125.727539,0,0,0,0
East Timor,TLS,2020,-8.874217,125.727539,0,0,0,0
East Timor,TLS,2021,-8.874217,125.727539,0,0,0,0
East Timor,TLS,2022,-8.874217,125.727539,0,0,0,0
East Timor,TLS,2023,-8.874217,125.727539,0,0,0,0
East Timor,TLS,2024,-8.874217,125.727539,0,0,0,0
Ecuador,ECU,2015,-1.831239,-78.183406,0,0,0,0
Ecuador,ECU,2016,-1.831239,-78.183406,0,0,0,0
Ecuador,ECU,2017,-1.831239,-78.183406,0,0,0,0
Ecuador,ECU,2018,-1.831239,-78.183406,0,0,0,0
Ecuador,ECU,2019,-1.831239,-78.183406,2,0,2,0
Ecuador,ECU,2020,-1.831239,-78.183406,0,0,0,0
Ecuador,ECU,2021,-1.831239,-78.183406,291,0,0,291
Ecuador,ECU,2022,-1.831239,-78.183406,118,0,0,118
Ecuador,ECU,2023,-1.831239,-78.183406,536,40,16,480
Ecuador,ECU,2024,-1.831239,-78.183406,261,12,15,234
Egypt,EGY,2015,26.820553,30.802498,991,233,757,1
Egypt,EGY,2016,26.820553,30.802498,391,38,350,3
Egypt,EGY,2017,26.820553,30.802498,902,418,474,10
Egypt,EGY,2018,26.820553,30.802498,688,17,669,2
Egypt,EGY,2019,26.820553,30.802498,664,75,587,2
Egypt,EGY,2020,26.820553,30.802498,546,62,484,0
Egypt,EGY,2021,26.820553,30.802498,124,27,95,2
Egypt,EGY,2022,26.820553,30.802498,236,13,218,5
Egypt,EGY,2023,26.820553,30.802498,0,0,0,0
Egypt,EGY,2024,26.820553,30.802498,0,0,0,0
El Salvador,SLV,2015,13.794185,-88.89653,0,0,0,0
El Salvador,SLV,2016,13.794185,-88.89653,0,0,0,0
El Salvador,SLV,2017,13.794185,-88.89653,0,0,0,0
El Salvador,SLV,2018,13.794185,-88.89653,0,0,0,0
El Salvador,SLV,2019,13.794185,-88.89653,0,0,0,0
El Salvador,SLV,2020,13.794185,-88.89653,0,0,0,0
El Salvador,SLV,2021,13.794185,-88.89653,0,0,0,0
El Salvador,SLV,2022,13.794185,-88.89653,88,0,0,88
El Salvador,SLV,2023,13.794185,-88.89653,0,0,0,0
El Salvador,SLV,2024,13.794185,-88.89653,0,0,0,0
Equatorial Guinea,GNQ,2015,1.650801,10.267895,0,0,0,0
Equatorial Guinea,GNQ,2016,1.650801,10.267895,0,0,0,0
Equatorial Guinea,GNQ,2017,1.650801,10.267895,0,0,0,0
Equatorial Guinea,GNQ,2018,1.650801,10.267895,0,0,0,0
Equatorial Guinea,GNQ,2019,1.650801,10.267895,0,0,0,0
Equatorial Guinea,GNQ,2020,1.650801,10.267895,0,0,0,0
Equatorial Guinea,GNQ,2021,1.650801,10.267895,0,0,0,0
Equatorial Guinea,GNQ,2022,1.650801,10.267895,0,0,0,0
Equatorial Guinea,GNQ,2023,1.650801,10.267895,0,0,0,0
Equatorial Guinea,GNQ,2024,1.650801,10.267895,0,0,0,0
Eritrea,ERI,2015,15.179384,39.782334,0,0,0,0
Eritrea,ERI,2016,15.179384,39.782334,0,0,0,0
Eritrea,ERI,2017,15.179384,39.782334,0,0,0,0
Eritrea,ERI,2018,15.179384,39.782334,0,0,0,0
Eritrea,ERI,2019,15.179384,39.782334,0,0,0,0
Eritrea,ERI,2020,15.179384,39.782334,0,0,0,0
Eritrea,ERI,2021,15.179384,39.782334,30,30,0,0
Eritrea,ERI,2022,15.179384,39.782334,5,0,0,5
Eritrea,ERI,2023,15.179384,39.782334,0,0,0,0
Eritrea,ERI,2024,15.179384,39.782334,0,0,0,0
Estonia,EST,2015,58.595272,25.013607,0,0,0,0
Estonia,EST,2016,58.595272,25.013607,0,0,0,0
Estonia,EST,2017,58.595272,25.013607,0,0,0,0
Estonia,EST,2018,58.595272,25.013607,0,0,0,0
Estonia,EST,2019,58.595272,25.013607,0,0,0,0
Estonia,EST,2020,58.595272,25.013607,0,0,0,0
Estonia,EST,2021,58.595272,25.013607,0,0,0,0
Estonia,EST,2022,58.595272,25.013607,0,0,0,0
Estonia,EST,2023,58.595272,25.013607,0,0,0,0
Estonia,EST,2024,58.595272,25.013607,0,0,0,0
Eswatini,SWZ,2015,-26.522503,31.465866,0,0,0,0
Eswatini,SWZ,2016,-26.522503,31.465866,0,0,0,0
Eswatini,SWZ,2017,-26.522503,31.465866,0,0,0,0
Eswatini,SWZ,2018,-26.522503,31.465866,0,0,0,0
Eswatini,SWZ,2019,-26.522503,31.465866,0,0,0,0
Eswatini,SWZ,2020,-26.522503,31.465866,0,0,0,0
Eswatini,SWZ,2021,-26.522503,31.465866,48,48,0,0
Eswatini,SWZ,2022,-26.522503,31.465866,0,0,0,0
Eswatini,SWZ,2023,-26.522503,31.465866,0,0,0,0
Eswatini,SWZ,2024,-26.522503,31.465866,0,0,0,0
Ethiopia,ETH,2015,9.145,40.489673,307,258,1,48
Ethiopia,ETH,2016,9.145,40.489673,554,301,169,84
Ethiopia,ETH,2017,9.145,40.489673,449,173,146,130
Ethiopia,ETH,2018,9.145,40.489673,657,239,255,163
Ethiopia,ETH,2019,9.145,40.489673,414,172,59,183
Ethiopia,ETH,2020,9.145,40.489673,24418,3209,20787,422
Ethiopia,ETH,2021,9.145,40.489673,129481,5473,120108,3900
Ethiopia,ETH,2022,9.145,40.489673,164991,2432,158752,3807
Ethiopia,ETH,2023,9.145,40.489673,2318,647,942,729
Ethiopia,ETH,2024,9.145,40.489673,4053,1363,2267,423
Fiji,FJI,2015,-16.578193,179.414413,0,0,0,0
Fiji,FJI,2016,-16.578193,179.414413,0,0,0,0
Fiji,FJI,2017,-16.578193,179.414413,0,0,0,0
Fiji,FJI,2018,-16.578193,179.414413,0,0,0,0
Fiji,FJI,2019,-16.578193,179.414413,0,0,0,0
Fiji,FJI,2020,-16.578193,179.414413,0,0,0,0
Fiji,FJI,2021,-16.578193,179.414413,0,0,0,0
Fiji,FJI,2022,-16.578193,179.414413,0,0,0,0
Fiji,FJI,2023,-16.578193,179.414413,0,0,0,0
Fiji,FJI,2024,-16.578193,179.414413,0,0,0,0
Finland,FIN,2015,61.92411,25.748151,0,0,0,0
Finland,FIN,2016,61.92411,25.748151,0,0,0,0
Finland,FIN,2017,61.92411,25.748151,0,0,0,0
Finland,FIN,2018,61.92411,25.748151,0,0,0,0
Finland,FIN,2019,61.92411,25.748151,0,0,0,0
Finland,FIN,2020,61.92411,25.748151,0,0,0,0
Finland,FIN,2021,61.92411,25.748151,0,0,0,0
Finland,FIN,2022,61.92411,25.748151,0,0,0,0
Finland,FIN,2023,61.92411,25.748151,0,0,0,0
Finland,FIN,2024,61.92411,25.748151,0,0,0,0
France,FRA,2015,46.227638,2.213749,133,130,0,3
France,FRA,2016,46.227638,2.213749,87,87,0,0
France,FRA,2017,46.227638,2.213749,2,0,2,0
France,FRA,2018,46.227638,2.213749,13,9,4,0
France,FRA,2019,46.227638,2.213749,0,0,0,0
France,FRA,2020,46.227638,2.213749,0,0,0,0
France,FRA,2021,46.227638,2.213749,0,0,0,0
France,FRA,2022,46.227638,2.213749,0,0,0,0
France,FRA,2023,46.227638,2.213749,48,6,0,42
France,FRA,2024,46.227638,2.213749,0,0,0,0
Gabon,GAB,2015,-0.803689,11.609444,0,0,0,0
Gabon,GAB,2016,-0.803689,11.609444,0,0,0,0
Gabon,GAB,2017,-0.803689,11.609444,0,0,0,0
Gabon,GAB,2018,-0.803689,11.609444,0,0,0,0
Gabon,GAB,2019,-0.803689,11.609444,0,0,0,0
Gabon,GAB,2020,-0.803689,11.609444,0,0,0,0
Gabon,GAB,2021,-0.803689,11.609444,0,0,0,0
Gabon,GAB,2022,-0.803689,11.609444,0,0,0,0
Gabon,GAB,2023,-0.803689,11.609444,0,0,0,0
Gabon,GAB,2024,-0.803689,11.609444,0,0,0,0
Gambia,GMB,2015,13.443182,-15.310139,0,0,0,0
Gambia,GMB,2016,13.443182,-15.310139,0,0,0,0
Gambia,GMB,2017,13.443182,-15.310139,0,0,0,0
Gambia,GMB,2018,13.443182,-15.310139,0,0,0,0
Gambia,GMB,2019,13.443182,-15.310139,0,0,0,0
Gambia,GMB,2020,13.443182,-15.310139,0,0,0,0
Gambia,GMB,2021,13.443182,-15.310139,0,0,0,0
Gambia,GMB,2022,13.443182,-15.310139,0,0,0,0
Gambia,GMB,2023,13.443182,-15.310139,0,0,0,0
Gambia,GMB,2024,13.443182,-15.310139,0,0,0,0
Georgia,GEO,2015,42.315407,43.356892,0,0,0,0
Georgia,GEO,2016,42.315407,43.356892,0,0,0,0
Georgia,GEO,2017,42.315407,43.356892,0,0,0,0
Georgia,GEO,2018,42.315407,43.356892,0,0,0,0
Georgia,GEO,2019,42.315407,43.356892,0,0,0,0
Georgia,GEO,2020,42.315407,43.356892,0,0,0,0
Georgia,GEO,2021,42.315407,43.356892,0,0,0,0
Georgia,GEO,2022,42.315407,43.356892,0,0,0,0
Georgia,GEO,2023,42.315407,43.356892,1,1,0,0
Georgia,GEO,2024,42.315407,43.356892,0,0,0,0
Germany,DEU,2015,51.165691,10.451526,0,0,0,0
Germany,DEU,2016,51.165691,10.451526,12,12,0,0
Germany,DEU,2017,51.165691,10.451526,0,0,0,0
Germany,DEU,2018,51.165691,10.451526,0,0,0,0
Germany,DEU,2019,51.165691,10.451526,0,0,0,0
Germany,DEU,2020,51.165691,10.451526,0,0,0,0
Germany,DEU,2021,51.165691,10.451526,0,0,0,0
Germany,DEU,2022,51.165691,10.451526,0,0,0,0
Germany,DEU,2023,51.165691,10.451526,0,0,0,0
Germany,DEU,2024,51.165691,10.451526,3,3,0,0
Ghana,GHA,2015,7.946527,-1.023194,0,0,0,0
Ghana,GHA,2016,7.946527,-1.023194,0,0,0,0
Ghana,GHA,2017,7.946527,-1.023194,0,0,0,0
Ghana,GHA,2018,7.946527,-1.023194,0,0,0,0
Ghana,GHA,2019,7.946527,-1.023194,0,0,0,0
Ghana,GHA,2020,7.946527,-1.023194,0,0,0,0
Ghana,GHA,2021,7.946527,-1.023194,0,0,0,0
Ghana,GHA,2022,7.946527,-1.023194,0,0,0,0
Ghana,GHA,2023,7.946527,-1.023194,1,1,0,0
Ghana,GHA,2024,7.946527,-1.023194,0,0,0,0
Greece,GRC,2015,39.074208,21.824312,0,0,0,0
Greece,GRC,2016,39.074208,21.824312,0,0,0,0
Greece,GRC,2017,39.074208,21.824312,0,0,0,0
Greece,GRC,2018,39.074208,21.824312,0,0,0,0
Greece,GRC,2019,39.074208,21.824312,0,0,0,0
Greece,GRC,2020,39.074208,21.824312,0,0,0,0
Greece,GRC,2021,39.074208,21.824312,0,0,0,0
Greece,GRC,2022,39.074208,21.824312,0,0,0,0
Greece,GRC,2023,39.074208,21.824312,0,0,0,0
Greece,GRC,2024,39.074208,21.824312,0,0,0,0
Greenland,GRL,2015,71.706936,-42.604303,0,0,0,0
Greenland,GRL,2016,71.706936,-42.604303,0,0,0,0
Greenland,GRL,2017,71.706936,-42.604303,0,0,0,0
Greenland,GRL,2018,71.706936,-42.604303,0,0,0,0
Greenland,GRL,2019,71.706936,-42.604303,0,0,0,0
Greenland,GRL,2020,71.706936,-42.604303,0,0,0,0
Greenland,GRL,2021,71.706936,-42.604303,0,0,0,0
Greenland,GRL,2022,71.706936,-42.604303,0,0,0,0
Greenland,GRL,2023,71.706936,-42.604303,0,0,0,0
Greenland,GRL,2024,71.706936,-42.604303,0,0,0,0
Grenada,GRD,2015,12.262776,-61.604171,0,0,0,0
Grenada,GRD,2016,12.262776,-61.604171,0,0,0,0
Grenada,GRD,2017,12.262776,-61.604171,0,0,0,0
Grenada,GRD,2018,12.262776,-61.604171,0,0,0,0
Grenada,GRD,2019,12.262776,-61.604171,0,0,0,0
Grenada,GRD,2020,12.262776,-61.604171,0,0,0,0
Grenada,GRD,2021,12.262776,-61.604171,0,0,0,0
Grenada,GRD,2022,12.262776,-61.604171,0,0,0,0
Grenada,GRD,2023,12.262776,-61.604171,0,0,0,0
Grenada,GRD,2024,12.262776,-61.604171,0,0,0,0
Guatemala,GTM,2015,15.783471,-90.230759,0,0,0,0
Guatemala,GTM,2016,15.783471,-90.230759,0,0,0,0
Guatemala,GTM,2017,15.783471,-90.230759,0,0,0,0
Guatemala,GTM,2018,15.783471,-90.230759,0,0,0,0
Guatemala,GTM,2019,15.783471,-90.230759,0,0,0,0
Guatemala,GTM,2020,15.783471,-90.230759,0,0,0,0
Guatemala,GTM,2021,15.783471,-90.230759,0,0,0,0
Guatemala,GTM,2022,15.783471,-90.230759,0,0,0,0
Guatemala,GTM,2023,15.783471,-90.230759,0,0,0,0
Guatemala,GTM,2024,15.783471,-90.230759,25,21,0,4
Guinea,GIN,2015,9.945587,-9.696645,0,0,0,0
Guinea,GIN,2016,9.945587,-9.696645,0,0,0,0
Guinea,GIN,2017,9.945587,-9.696645,0,0,0,0
Guinea,GIN,2018,9.945587,-9.696645,0,0,0,0
Guinea,GIN,2019,9.945587,-9.696645,0,0,0,0
Guinea,GIN,2020,9.945587,-9.696645,30,0,0,30
Guinea,GIN,2021,9.945587,-9.696645,0,0,0,0
Guinea,GIN,2022,9.945587,-9.696645,0,0,0,0
Guinea,GIN,2023,9.945587,-9.696645,0,0,0,0
Guinea,GIN,2024,9.945587,-9.696645,0,0,0,0
Guinea-Bissau,GNB,2015,11.803749,-15.180413,0,0,0,0
Guinea-Bissau,GNB,2016,11.803749,-15.180413,0,0,0,0
Guinea-Bissau,GNB,2017,11.803749,-15.180413,0,0,0,0
Guinea-Bissau,GNB,2018,11.803749,-15.180413,0,0,0,0
Guinea-Bissau,GNB,2019,11.803749,-15.180413,0,0,0,0
Guinea-Bissau,GNB,2020,11.803749,-15.180413,0,0,0,0
Guinea-Bissau,GNB,2021,11.803749,-15.180413,0,0,0,0
Guinea-Bissau,GNB,2022,11.803749,-15.180413,0,0,0,0
Guinea-Bissau,GNB,2023,11.803749,-15.180413,0,0,0,0
Guinea-Bissau,GNB,2024,11.803749,-15.180413,0,0,0,0
Guyana,GUY,2015,4.860416,-58.93018,0,0,0,0
Guyana,GUY,2016,4.860416,-58.93018,0,0,0,0
Guyana,GUY,2017,4.860416,-58.93018,0,0,0,0
Guyana,GUY,2018,4.860416,-58.93018,0,0,0,0
Guyana,GUY,2019,4.860416,-58.93018,0,0,0,0
Guyana,GUY,2020,4.860416,-58.93018,0,0,0,0
Guyana,GUY,2021,4.860416,-58.93018,0,0,0,0
Guyana,GUY,2022,4.860416,-58.93018,0,0,0,0
Guyana,GUY,2023,4.860416,-58.93018,0,0,0,0
Guyana,GUY,2024,4.860416,-58.93018,0,0,0,0
Haiti,HTI,2015,18.971187,-72.285215,0,0,0,0
Haiti,HTI,2016,18.971187,-72.285215,0,0,0,0
Haiti,HTI,2017,18.971187,-72.285215,0,0,0,0
Haiti,HTI,2018,18.971187,-72.285215,71,0,0,71
Haiti,HTI,2019,18.971187,-72.285215,0,0,0,0
Haiti,HTI,2020,18.971187,-72.285215,162,160,0,2
Haiti,HTI,2021,18.971187,-72.285215,121,83,30,8
Haiti,HTI,2022,18.971187,-72.285215,235,124,24,87
Haiti,HTI,2023,18.971187,-72.285215,416,304,3,109
Haiti,HTI,2024,18.971187,-72.285215,1257,941,182,134
Honduras,HND,2015,15.199999,-86.241905,68,0,0,68
Honduras,HND,2016,15.199999,-86.241905,0,0,0,0
Honduras,HND,2017,15.199999,-86.241905,0,0,0,0
Honduras,HND,2018,15.199999,-86.241905,0,0,0,0
Honduras,HND,2019,15.199999,-86.241905,36,0,0,36
Honduras,HND,2020,15.199999,-86.241905,0,0,0,0
Honduras,HND,2021,15.199999,-86.241905,0,0,0,0
Honduras,HND,2022,15.199999,-86.241905,0,0,0,0
Honduras,HND,2023,15.199999,-86.241905,102,0,46,56
Honduras,HND,2024,15.199999,-86.241905,0,0,0,0
Hungary,HUN,2015,47.162494,19.503304,0,0,0,0
Hungary,HUN,2016,47.162494,19.503304,0,0,0,0
Hungary,HUN,2017,47.162494,19.503304,0,0,0,0
Hungary,HUN,2018,47.162494,19.503304,0,0,0,0
Hungary,HUN,2019,47.162494,19.503304,0,0,0,0
Hungary,HUN,2020,47.162494,19.503304,0,0,0,0
Hungary,HUN,2021,47.162494,19.503304,0,0,0,0
Hungary,HUN,2022,47.162494,19.503304,0,0,0,0
Hungary,HUN,2023,47.162494,19.503304,0,0,0,0
Hungary,HUN,2024,47.162494,19.503304,0,0,0,0
Iceland,ISL,2015,64.963051,-19.020835,0,0,0,0
Iceland,ISL,2016,64.963051,-19.020835,0,0,0,0
Iceland,ISL,2017,64.963051,-19.020835,0,0,0,0
Iceland,ISL,2018,64.963051,-19.020835,0,0,0,0
Iceland,ISL,2019,64.963051,-19.020835,0,0,0,0
Iceland,ISL,2020,64.963051,-19.020835,0,0,0,0
Iceland,ISL,2021,64.963051,-19.020835,0,0,0,0
Iceland,ISL,2022,64.963051,-19.020835,0,0,0,0
Iceland,ISL,2023,64.963051,-19.020835,0,0,0,0
Iceland,ISL,2024,64.963051,-19.020835,0,0,0,0
India,IND,2015,20.593684,78.96288,569,100,462,7
India,IND,2016,20.593684,78.96288,721,116,599,6
India,IND,2017,20.593684,78.96288,800,209,567,24
India,IND,2018,20.593684,78.96288,899,162,728,9
India,IND,2019,20.593684,78.96288,702,142,539,21
India,IND,2020,20.593684,78.96288,695,111,568,16
India,IND,2021,20.593684,78.96288,468,59,405,4
India,IND,2022,20.593684,78.96288,353,59,292,2
India,IND,2023,20.593684,78.96288,357,60,217,80
India,IND,2024,20.593684,78.96288,519,69,427,23
Indonesia,IDN,2015,-0.789275,113.921327,0,0,0,0
Indonesia,IDN,2016,-0.789275,113.921327,0,0,0,0
Indonesia,IDN,2017,-0.789275,113.921327,0,0,0,0
Indonesia,IDN,2018,-0.789275,113.921327,28,19,8,1
Indonesia,IDN,2019,-0.789275,113.921327,34,3,26,5
Indonesia,IDN,2020,-0.789275,113.921327,31,3,27,1
Indonesia,IDN,2021,-0.789275,113.921327,51,5,45,1
Indonesia,IDN,2022,-0.789275,113.921327,46,25,21,0
Indonesia,IDN,2023,-0.789275,113.921327,87,38,47,2
Indonesia,IDN,2024,-0.789275,113.921327,57,7,42,8
Iran,IRN,2015,32.427908,53.688046,0,0,0,0
Iran,IRN,2016,32.427908,53.688046,22,0,22,0
Iran,IRN,2017,32.427908,53.688046,27,18,9,0
Iran,IRN,2018,32.427908,53.688046,60,1,54,5
Iran,IRN,2019,32.427908,53.688046,286,252,34,0
Iran,IRN,2020,32.427908,53.688046,216,181,35,0
Iran,IRN,2021,32.427908,53.688046,48,26,22,0
Iran,IRN,2022,32.427908,53.688046,211,211,0,0
Iran,IRN,2023,32.427908,53.688046,34,0,34,0
Iran,IRN,2024,32.427908,53.688046,217,100,112,5
Iraq,IRQ,2015,33.223191,43.679291,11301,1937,8692,672
Iraq,IRQ,2016,33.223191,43.679291,12038,4489,7047,502
Iraq,IRQ,2017,33.223191,43.679291,11417,5479,5432,506
Iraq,IRQ,2018,33.223191,43.679291,1447,213,1156,78
Iraq,IRQ,2019,33.223191,43.679291,959,184,740,35
Iraq,IRQ,2020,33.223191,43.679291,942,100,776,66
Iraq,IRQ,2021,33.223191,43.679291,1017,220,772,25
Iraq,IRQ,2022,33.223191,43.679291,1004,48,948,8
Iraq,IRQ,2023,33.223191,43.679291,498,35,447,16
Iraq,IRQ,2024,33.223191,43.679291,404,26,375,3
Ireland,IRL,2015,53.41291,-8.24389,0,0,0,0
Ireland,IRL,2016,53.41291,-8.24389,0,0,0,0
Ireland,IRL,2017,53.41291,-8.24389,0,0,0,0
Ireland,IRL,2018,53.41291,-8.24389,0,0,0,0
Ireland,IRL,2019,53.41291,-8.24389,0,0,0,0
Ireland,IRL,2020,53.41291,-8.24389,0,0,0,0
Ireland,IRL,2021,53.41291,-8.24389,0,0,0,0
Ireland,IRL,2022,53.41291,-8.24389,0,0,0,0
Ireland,IRL,2023,53.41291,-8.24389,0,0,0,0
Ireland,IRL,2024,53.41291,-8.24389,0,0,0,0
Israel,ISR,2015,31.046051,34.851612,0,0,0,0
Israel,ISR,2016,31.046051,34.851612,0,0,0,0
Israel,ISR,2017,31.046051,34.851612,0,0,0,0
Israel,ISR,2018,31.046051,34.851612,2,0,1,1
Israel,ISR,2019,31.046051,34.851612,0,0,0,0
Israel,ISR,2020,31.046051,34.851612,0,0,0,0
Israel,ISR,2021,31.046051,34.851612,17,11,6,0
Israel,ISR,2022,31.046051,34.851612,0,0,0,0
Israel,ISR,2023,31.046051,34.851612,1295,673,453,169
Israel,ISR,2024,31.046051,34.851612,60,34,26,0
Italy,ITA,2015,41.87194,12.56738,0,0,0,0
Italy,ITA,2016,41.87194,12.56738,0,0,0,0
Italy,ITA,2017,41.87194,12.56738,0,0,0,0
Italy,ITA,2018,41.87194,12.56738,0,0,0,0
Italy,ITA,2019,41.87194,12.56738,0,0,0,0
Italy,ITA,2020,41.87194,12.56738,0,0,0,0
Italy,ITA,2021,41.87194,12.56738,0,0,0,0
Italy,ITA,2022,41.87194,12.56738,0,0,0,0
Italy,ITA,2023,41.87194,12.56738,0,0,0,0
Italy,ITA,2024,41.87194,12.56738,0,0,0,0
Jamaica,JAM,2015,18.109581,-77.297508,0,0,0,0
Jamaica,JAM,2016,18.109581,-77.297508,0,0,0,0
Jamaica,JAM,2017,18.109581,-77.297508,0,0,0,0
Jamaica,JAM,2018,18.109581,-77.297508,0,0,0,0
Jamaica,JAM,2019,18.109581,-77.297508,0,0,0,0
Jamaica,JAM,2020,18.109581,-77.297508,0,0,0,0
Jamaica,JAM,2021,18.109581,-77.297508,0,0,0,0
Jamaica,JAM,2022,18.109581,-77.297508,0,0,0,0
Jamaica,JAM,2023,18.109581,-77.297508,0,0,0,0
Jamaica,JAM,2024,18.109581,-77.297508,0,0,0,0
Japan,JPN,2015,36.204824,138.252924,0,0,0,0
Japan,JPN,2016,36.204824,138.252924,0,0,0,0
Japan,JPN,2017,36.204824,138.252924,0,0,0,0
Japan,JPN,2018,36.204824,138.252924,0,0,0,0
Japan,JPN,2019,36.204824,138.252924,0,0,0,0
Japan,JPN,2020,36.204824,138.252924,0,0,0,0
Japan,JPN,2021,36.204824,138.252924,0,0,0,0
Japan,JPN,2022,36.204824,138.252924,0,0,0,0
Japan,JPN,2023,36.204824,138.252924,0,0,0,0
Japan,JPN,2024,36.204824,138.252924,0,0,0,0
Jordan,JOR,2015,30.585164,36.238414,1,1,0,0
Jordan,JOR,2016,30.585164,36.238414,37,3,31,3
Jordan,JOR,2017,30.585164,36.238414,0,0,0,0
Jordan,JOR,2018,30.585164,36.238414,0,0,0,0
Jordan,JOR,2019,30.585164,36.238414,0,0,0,0
Jordan,JOR,2020,30.585164,36.238414,0,0,0,0
Jordan,JOR,2021,30.585164,36.238414,0,0,0,0
Jordan,JOR,2022,30.585164,36.238414,0,0,0,0
Jordan,JOR,2023,30.585164,36.238414,0,0,0,0
Jordan,JOR,2024,30.585164,36.238414,3,0,3,0
Kazakhstan,KAZ,2015,48.019573,66.923684,0,0,0,0
Kazakhstan,KAZ,2016,48.019573,66.923684,0,0,0,0
Kazakhstan,KAZ,2017,48.019573,66.923684,0,0,0,0
Kazakhstan,KAZ,2018,48.019573,66.923684,0,0,0,0
Kazakhstan,KAZ,2019,48.019573,66.923684,0,0,0,0
Kazakhstan,KAZ,2020,48.019573,66.923684,0,0,0,0
Kazakhstan,KAZ,2021,48.019573,66.923684,0,0,0,0
Kazakhstan,KAZ,2022,48.019573,66.923684,0,0,0,0
Kazakhstan,KAZ,2023,48.019573,66.923684,0,0,0,0
Kazakhstan,KAZ,2024,48.019573,66.923684,0,0,0,0
Kenya,KEN,2015,-0.023559,37.906193,374,167,60,147
Kenya,KEN,2016,-0.023559,37.906193,107,28,57,22
Kenya,KEN,2017,-0.023559,37.906193,149,76,64,9
Kenya,KEN,2018,-0.023559,37.906193,106,38,65,3
Kenya,KEN,2019,-0.023559,37.906193,159,28,69,62
Kenya,KEN,2020,-0.023559,37.906193,103,24,78,1
Kenya,KEN,2021,-0.023559,37.906193,108,24,56,28
Kenya,KEN,2022,-0.023559,37.906193,92,37,49,6
Kenya,KEN,2023,-0.023559,37.906193,224,28,184,12
Kenya,KEN,2024,-0.023559,37.906193,92,23,50,19
Kiribati,KIR,2015,-3.370417,-168.734039,0,0,0,0
Kiribati,KIR,2016,-3.370417,-168.734039,0,0,0,0
Kiribati,KIR,2017,-3.370417,-168.734039,0,0,0,0
Kiribati,KIR,2018,-3.370417,-168.734039,0,0,0,0
Kiribati,KIR,2019,-3.370417,-168.734039,0,0,0,0
Kiribati,KIR,2020,-3.370417,-168.734039,0,0,0,0
Kiribati,KIR,2021,-3.370417,-168.734039,0,0,0,0
Kiribati,KIR,2022,-3.370417,-168.734039,0,0,0,0
Kiribati,KIR,2023,-3.370417,-168.734039,0,0,0,0
Kiribati,KIR,2024,-3.370417,-168.734039,0,0,0,0
Kosovo,KOS,2015,42.6026,20.903,0,0,0,0
Kosovo,KOS,2016,42.6026,20.903,0,0,0,0
Kosovo,KOS,2017,42.6026,20.903,0,0,0,0
Kosovo,KOS,2018,42.6026,20.903,0,0,0,0
Kosovo,KOS,2019,42.6026,20.903,0,0,0,0
Kosovo,KOS,2020,42.6026,20.903,0,0,0,0
Kosovo,KOS,2021,42.6026,20.903,0,0,0,0
Kosovo,KOS,2022,42.6026,20.903,0,0,0,0
Kosovo,KOS,2023,42.6026,20.903,0,0,0,0
Kosovo,KOS,2024,42.6026,20.903,0,0,0,0
Kuwait,KWT,2015,29.31166,47.481766,26,26,0,0
Kuwait,KWT,2016,29.31166,47.481766,0,0,0,0
Kuwait,KWT,2017,29.31166,47.481766,0,0,0,0
Kuwait,KWT,2018,29.31166,47.481766,0,0,0,0
Kuwait,KWT,2019,29.31166,47.481766,0,0,0,0
Kuwait,KWT,2020,29.31166,47.481766,0,0,0,0
Kuwait,KWT,2021,29.31166,47.481766,0,0,0,0
Kuwait,KWT,2022,29.31166,47.481766,0,0,0,0
Kuwait,KWT,2023,29.31166,47.481766,0,0,0,0
Kuwait,KWT,2024,29.31166,47.481766,0,0,0,0
Kyrgyzstan,KGZ,2015,41.20438,74.766098,0,0,0,0
Kyrgyzstan,KGZ,2016,41.20438,74.766098,0,0,0,0
Kyrgyzstan,KGZ,2017,41.20438,74.766098,0,0,0,0
Kyrgyzstan,KGZ,2018,41.20438,74.766098,0,0,0,0
Kyrgyzstan,KGZ,2019,41.20438,74.766098,0,0,0,0
Kyrgyzstan,KGZ,2020,41.20438,74.766098,0,0,0,0
Kyrgyzstan,KGZ,2021,41.20438,74.766098,39,30,3,6
Kyrgyzstan,KGZ,2022,41.20438,74.766098,55,4,37,14
Kyrgyzstan,KGZ,2023,41.20438,74.766098,0,0,0,0
Kyrgyzstan,KGZ,2024,41.20438,74.766098,0,0,0,0
Laos,LAO,2015,19.85627,102.495496,0,0,0,0
Laos,LAO,2016,19.85627,102.495496,0,0,0,0
Laos,LAO,2017,19.85627,102.495496,0,0,0,0
Laos,LAO,2018,19.85627,102.495496,0,0,0,0
Laos,LAO,2019,19.85627,102.495496,0,0,0,0
Laos,LAO,2020,19.85627,102.495496,0,0,0,0
Laos,LAO,2021,19.85627,102.495496,0,0,0,0
Laos,LAO,2022,19.85627,102.495496,0,0,0,0
Laos,LAO,2023,19.85627,102.495496,0,0,0,0
Laos,LAO,2024,19.85627,102.495496,0,0,0,0
Latvia,LVA,2015,56.879635,24.603189,0,0,0,0
Latvia,LVA,2016,56.879635,24.603189,0,0,0,0
Latvia,LVA,2017,56.879635,24.603189,0,0,0,0
Latvia,LVA,2018,56.879635,24.603189,0,0,0,0
Latvia,LVA,2019,56.879635,24.603189,0,0,0,0
Latvia,LVA,2020,56.879635,24.603189,0,0,0,0
Latvia,LVA,2021,56.879635,24.603189,0,0,0,0
Latvia,LVA,2022,56.879635,24.603189,0,0,0,0
Latvia,LVA,2023,56.879635,24.603189,0,0,0,0
Latvia,LVA,2024,56.879635,24.603189,0,0,0,0
Lebanon,LBN,2015,33.854721,35.862285,197,0,151,46
Lebanon,LBN,2016,33.854721,35.862285,35,5,30,0
Lebanon,LBN,2017,33.854721,35.862285,297,5,257,35
Lebanon,LBN,2018,33.854721,35.862285,0,0,0,0
Lebanon,LBN,2019,33.854721,35.862285,0,0,0,0
Lebanon,LBN,2020,33.854721,35.862285,0,0,0,0
Lebanon,LBN,2021,33.854721,35.862285,0,0,0,0
Lebanon,LBN,2022,33.854721,35.862285,0,0,0,0
Lebanon,LBN,2023,33.854721,35.862285,123,21,84,18
Lebanon,LBN,2024,33.854721,35.862285,4335,1026,1048,2261
Lesotho,LSO,2015,-29.609988,28.233608,0,0,0,0
Lesotho,LSO,2016,-29.609988,28.233608,0,0,0,0
Lesotho,LSO,2017,-29.609988,28.233608,0,0,0,0
Lesotho,LSO,2018,-29.609988,28.233608,0,0,0,0
Lesotho,LSO,2019,-29.609988,28.233608,0,0,0,0
Lesotho,LSO,2020,-29.609988,28.233608,0,0,0,0
Lesotho,LSO,2021,-29.609988,28.233608,0,0,0,0
Lesotho,LSO,2022,-29.609988,28.233608,0,0,0,0
Lesotho,LSO,2023,-29.609988,28.233608,0,0,0,0
Lesotho,LSO,2024,-29.609988,28.233608,0,0,0,0
Liberia,LBR,2015,6.428055,-9.429499,0,0,0,0
Liberia,LBR,2016,6.428055,-9.429499,0,0,0,0
Liberia,LBR,2017,6.428055,-9.429499,0,0,0,0
Liberia,LBR,2018,6.428055,-9.429499,0,0,0,0
Liberia,LBR,2019,6.428055,-9.429499,0,0,0,0
Liberia,LBR,2020,6.428055,-9.429499,0,0,0,0
Liberia,LBR,2021,6.428055,-9.429499,0,0,0,0
Liberia,LBR,2022,6.428055,-9.429499,0,0,0,0
Liberia,LBR,2023,6.428055,-9.429499,0,0,0,0
Liberia,LBR,2024,6.428055,-9.429499,0,0,0,0
Libya,LBY,2015,26.3351,17.228331,1573,275,996,302
Libya,LBY,2016,26.3351,17.228331,2325,37,2077,211
Libya,LBY,2017,26.3351,17.228331,1091,62,813,216
Libya,LBY,2018,26.3351,17.228331,664,81,438,145
Libya,LBY,2019,26.3351,17.228331,1785,288,599,898
Libya,LBY,2020,26.3351,17.228331,673,135,501,37
Libya,LBY,2021,26.3351,17.228331,0,0,0,0
Libya,LBY,2022,26.3351,17.228331,0,0,0,0
Libya,LBY,2023,26.3351,17.228331,0,0,0,0
Libya,LBY,2024,26.3351,17.228331,2,0,2,0
Liechtenstein,LIE,2015,47.166,9.555373,0,0,0,0
Liechtenstein,LIE,2016,47.166,9.555373,0,0,0,0
Liechtenstein,LIE,2017,47.166,9.555373,0,0,0,0
Liechtenstein,LIE,2018,47.166,9.555373,0,0,0,0
Liechtenstein,LIE,2019,47.166,9.555373,0,0,0,0
Liechtenstein,LIE,2020,47.166,9.555373,0,0,0,0
Liechtenstein,LIE,2021,47.166,9.555373,0,0,0,0
Liechtenstein,LIE,2022,47.166,9.555373,0,0,0,0
Liechtenstein,LIE,2023,47.166,9.555373,0,0,0,0
Liechtenstein,LIE,2024,47.166,9.555373,0,0,0,0
Lithuania,LTU,2015,55.169438,23.881275,0,0,0,0
Lithuania,LTU,2016,55.169438,23.881275,0,0,0,0
Lithuania,LTU,2017,55.169438,23.881275,0,0,0,0
Lithuania,LTU,2018,55.169438,23.881275,0,0,0,0
Lithuania,LTU,2019,55.169438,23.881275,0,0,0,0
Lithuania,LTU,2020,55.169438,23.881275,0,0,0,0
Lithuania,LTU,2021,55.169438,23.881275,0,0,0,0
Lithuania,LTU,2022,55.169438,23.881275,0,0,0,0
Lithuania,LTU,2023,55.169438,23.881275,0,0,0,0
Lithuania,LTU,2024,55.169438,23.881275,0,0,0,0
Luxembourg,LUX,2015,49.815273,6.129583,0,0,0,0
Luxembourg,LUX,2016,49.815273,6.129583,0,0,0,0
Luxembourg,LUX,2017,49.815273,6.129583,0,0,0,0
Luxembourg,LUX,2018,49.815273,6.129583,0,0,0,0
Luxembourg,LUX,2019,49.815273,6.129583,0,0,0,0
Luxembourg,LUX,2020,49.815273,6.129583,0,0,0,0
Luxembourg,LUX,2021,49.815273,6.129583,0,0,0,0
Luxembourg,LUX,2022,49.815273,6.129583,0,0,0,0
Luxembourg,LUX,2023,49.815273,6.129583,0,0,0,0
Luxembourg,LUX,2024,49.815273,6.129583,0,0,0,0
Madagascar,MDG,2015,-18.766947,46.869107,0,0,0,0
Madagascar,MDG,2016,-18.766947,46.869107,0,0,0,0
Madagascar,MDG,2017,-18.766947,46.869107,0,0,0,0
Madagascar,MDG,2018,-18.766947,46.869107,0,0,0,0
Madagascar,MDG,2019,-18.766947,46.869107,0,0,0,0
Madagascar,MDG,2020,-18.766947,46.869107,0,0,0,0
Madagascar,MDG,2021,-18.766947,46.869107,0,0,0,0
Madagascar,MDG,2022,-18.766947,46.869107,0,0,0,0
Madagascar,MDG,2023,-18.766947,46.869107,0,0,0,0
Madagascar,MDG,2024,-18.766947,46.869107,0,0,0,0
Malawi,MWI,2015,-13.254308,34.301525,0,0,0,0
Malawi,MWI,2016,-13.254308,34.301525,0,0,0,0
Malawi,MWI,2017,-13.254308,34.301525,0,0,0,0
Malawi,MWI,2018,-13.254308,34.301525,0,0,0,0
Malawi,MWI,2019,-13.254308,34.301525,0,0,0,0
Malawi,MWI,2020,-13.254308,34.301525,0,0,0,0
Malawi,MWI,2021,-13.254308,34.301525,0,0,0,0
Malawi,MWI,2022,-13.254308,34.301525,0,0,0,0
Malawi,MWI,2023,-13.254308,34.301525,0,0,0,0
Malawi,MWI,2024,-13.254308,34.301525,0,0,0,0
Malaysia,MYS,2015,4.210484,101.975766,0,0,0,0
Malaysia,MYS,2016,4.210484,101.975766,0,0,0,0
Malaysia,MYS,2017,4.210484,101.975766,2,0,2,0
Malaysia,MYS,2018,4.210484,101.975766,0,0,0,0
Malaysia,MYS,2019,4.210484,101.975766,0,0,0,0
Malaysia,MYS,2020,4.210484,101.975766,0,0,0,0
Malaysia,MYS,2021,4.210484,101.975766,0,0,0,0
Malaysia,MYS,2022,4.210484,101.975766,0,0,0,0
Malaysia,MYS,2023,4.210484,101.975766,0,0,0,0
Malaysia,MYS,2024,4.210484,101.975766,0,0,0,0
Maldives,MDV,2015,3.202778,73.22068,0,0,0,0
Maldives,MDV,2016,3.202778,73.22068,0,0,0,0
Maldives,MDV,2017,3.202778,73.22068,0,0,0,0
Maldives,MDV,2018,3.202778,73.22068,0,0,0,0
Maldives,MDV,2019,3.202778,73.22068,0,0,0,0
Maldives,MDV,2020,3.202778,73.22068,0,0,0,0
Maldives,MDV,2021,3.202778,73.22068,0,0,0,0
Maldives,MDV,2022,3.202778,73.22068,0,0,0,0
Maldives,MDV,2023,3.202778,73.22068,0,0,0,0
Maldives,MDV,2024,3.202778,73.22068,0,0,0,0
Mali,MLI,2015,17.570692,-3.996166,214,7,201,6
Mali,MLI,2016,17.570692,-3.996166,163,5,131,27
Mali,MLI,2017,17.570692,-3.996166,534,55,454,25
Mali,MLI,2018,17.570692,-3.996166,1279,584,587,108
Mali,MLI,2019,17.570692,-3.996166,1157,527,621,9
Mali,MLI,2020,17.570692,-3.996166,1511,552,641,318
Mali,MLI,2021,17.570692,-3.996166,1268,250,989,29
Mali,MLI,2022,17.570692,-3.996166,3638,1793,1517,328
Mali,MLI,2023,17.570692,-3.996166,2065,738,1079,248
Mali,MLI,2024,17.570692,-3.996166,1876,759,986,131
Malta,MLT,2015,35.937496,14.375416,0,0,0,0
Malta,MLT,2016,35.937496,14.375416,0,0,0,0
Malta,MLT,2017,35.937496,14.375416,0,0,0,0
Malta,MLT,2018,35.937496,14.375416,0,0,0,0
Malta,MLT,2019,35.937496,14.375416,0,0,0,0
Malta,MLT,2020,35.937496,14.375416,0,0,0,0
Malta,MLT,2021,35.937496,14.375416,0,0,0,0
Malta,MLT,2022,35.937496,14.375416,0,0,0,0
Malta,MLT,2023,35.937496,14.375416,0,0,0,0
Malta,MLT,2024,35.937496,14.375416,0,0,0,0
Marshall Islands,MHL,2015,7.131474,171.184478,0,0,0,0
Marshall Islands,MHL,2016,7.131474,171.184478,0,0,0,0
Marshall Islands,MHL,2017,7.131474,171.184478,0,0,0,0
Marshall Islands,MHL,2018,7.131474,171.184478,0,0,0,0
Marshall Islands,MHL,2019,7.131474,171.184478,0,0,0,0
Marshall Islands,MHL,2020,7.131474,171.184478,0,0,0,0
Marshall Islands,MHL,2021,7.131474,171.184478,0,0,0,0
Marshall Islands,MHL,2022,7.131474,171.184478,0,0,0,0
Marshall Islands,MHL,2023,7.131474,171.184478,0,0,0,0
Marshall Islands,MHL,2024,7.131474,171.184478,0,0,0,0
Mauritania,MRT,2015,21.00789,-10.940835,0,0,0,0
Mauritania,MRT,2016,21.00789,-10.940835,0,0,0,0
Mauritania,MRT,2017,21.00789,-10.940835,0,0,0,0
Mauritania,MRT,2018,21.00789,-10.940835,0,0,0,0
Mauritania,MRT,2019,21.00789,-10.940835,0,0,0,0
Mauritania,MRT,2020,21.00789,-10.940835,0,0,0,0
Mauritania,MRT,2021,21.00789,-10.940835,0,0,0,0
Mauritania,MRT,2022,21.00789,-10.940835,0,0,0,0
Mauritania,MRT,2023,21.00789,-10.940835,0,0,0,0
Mauritania,MRT,2024,21.00789,-10.940835,3,3,0,0
Mauritius,MUS,2015,-20.348404,57.552152,0,0,0,0
Mauritius,MUS,2016,-20.348404,57.552152,0,0,0,0
Mauritius,MUS,2017,-20.348404,57.552152,0,0,0,0
Mauritius,MUS,2018,-20.348404,57.552152,0,0,0,0
Mauritius,MUS,2019,-20.348404,57.552152,0,0,0,0
Mauritius,MUS,2020,-20.348404,57.552152,0,0,0,0
Mauritius,MUS,2021,-20.348404,57.552152,0,0,0,0
Mauritius,MUS,2022,-20.348404,57.552152,0,0,0,0
Mauritius,MUS,2023,-20.348404,57.552152,0,0,0,0
Mauritius,MUS,2024,-20.348404,57.552152,0,0,0,0
Mexico,MEX,2015,23.634501,-102.552784,4484,15,47,4422
Mexico,MEX,2016,23.634501,-102.552784,4275,6,26,4243
Mexico,MEX,2017,23.634501,-102.552784,9716,26,52,9638
Mexico,MEX,2018,23.634501,-102.552784,11175,13,51,11111
Mexico,MEX,2019,23.634501,-102.552784,10416,25,129,10262
Mexico,MEX,2020,23.634501,-102.552784,13323,101,88,13134
Mexico,MEX,2021,23.634501,-102.552784,15020,111,244,14665
Mexico,MEX,2022,23.634501,-102.552784,12508,155,152,12201
Mexico,MEX,2023,23.634501,-102.552784,10830,73,55,10702
Mexico,MEX,2024,23.634501,-102.552784,10940,160,180,10600
Moldova,MDA,2015,47.411631,28.369885,0,0,0,0
Moldova,MDA,2016,47.411631,28.369885,0,0,0,0
Moldova,MDA,2017,47.411631,28.369885,0,0,0,0
Moldova,MDA,2018,47.411631,28.369885,0,0,0,0
Moldova,MDA,2019,47.411631,28.369885,0,0,0,0
Moldova,MDA,2020,47.411631,28.369885,0,0,0,0
Moldova,MDA,2021,47.411631,28.369885,0,0,0,0
Moldova,MDA,2022,47.411631,28.369885,0,0,0,0
Moldova,MDA,2023,47.411631,28.369885,0,0,0,0
Moldova,MDA,2024,47.411631,28.369885,0,0,0,0
Monaco,MCO,2015,43.750298,7.412841,0,0,0,0
Monaco,MCO,2016,43.750298,7.412841,0,0,0,0
Monaco,MCO,2017,43.750298,7.412841,0,0,0,0
Monaco,MCO,2018,43.750298,7.412841,0,0,0,0
Monaco,MCO,2019,43.750298,7.412841,0,0,0,0
Monaco,MCO,2020,43.750298,7.412841,0,0,0,0
Monaco,MCO,2021,43.750298,7.412841,0,0,0,0
Monaco,MCO,2022,43.750298,7.412841,0,0,0,0
Monaco,MCO,2023,43.750298,7.412841,0,0,0,0
Monaco,MCO,2024,43.750298,7.412841,0,0,0,0
Mongolia,MNG,2015,46.862496,103.846656,0,0,0,0
Mongolia,MNG,2016,46.862496,103.846656,0,0,0,0
Mongolia,MNG,2017,46.862496,103.846656,0,0,0,0
Mongolia,MNG,2018,46.862496,103.846656,0,0,0,0
Mongolia,MNG,2019,46.862496,103.846656,0,0,0,0
Mongolia,MNG,2020,46.862496,103.846656,0,0,0,0
Mongolia,MNG,2021,46.862496,103.846656,0,0,0,0
Mongolia,MNG,2022,46.862496,103.846656,0,0,0,0
Mongolia,MNG,2023,46.862496,103.846656,0,0,0,0
Mongolia,MNG,2024,46.862496,103.846656,0,0,0,0
Montenegro,MNE,2015,42.708678,19.37439,0,0,0,0
Montenegro,MNE,2016,42.708678,19.37439,0,0,0,0
Montenegro,MNE,2017,42.708678,19.37439,0,0,0,0
Montenegro,MNE,2018,42.708678,19.37439,0,0,0,0
Montenegro,MNE,2019,42.708678,19.37439,0,0,0,0
Montenegro,MNE,2020,42.708678,19.37439,0,0,0,0
Montenegro,MNE,2021,42.708678,19.37439,0,0,0,0
Montenegro,MNE,2022,42.708678,19.37439,0,0,0,0
Montenegro,MNE,2023,42.708678,19.37439,0,0,0,0
Montenegro,MNE,2024,42.708678,19.37439,0,0,0,0
Morocco,MAR,2015,31.791702,-7.09262,0,0,0,0
Morocco,MAR,2016,31.791702,-7.09262,0,0,0,0
Morocco,MAR,2017,31.791702,-7.09262,0,0,0,0
Morocco,MAR,2018,31.791702,-7.09262,0,0,0,0
Morocco,MAR,2019,31.791702,-7.09262,0,0,0,0
Morocco,MAR,2020,31.791702,-7.09262,0,0,0,0
Morocco,MAR,2021,31.791702,-7.09262,0,0,0,0
Morocco,MAR,2022,31.791702,-7.09262,0,0,0,0
Morocco,MAR,2023,31.791702,-7.09262,0,0,0,0
Morocco,MAR,2024,31.791702,-7.09262,0,0,0,0
Mozambique,MOZ,2015,-18.665695,35.529562,0,0,0,0
Mozambique,MOZ,2016,-18.665695,35.529562,55,3,36,16
Mozambique,MOZ,2017,-18.665695,35.529562,0,0,0,0
Mozambique,MOZ,2018,-18.665695,35.529562,170,119,23,28
Mozambique,MOZ,2019,-18.665695,35.529562,596,320,257,19
Mozambique,MOZ,2020,-18.665695,35.529562,1627,808,738,81
Mozambique,MOZ,2021,-18.665695,35.529562,1918,1087,629,202
Mozambique,MOZ,2022,-18.665695,35.529562,710,340,326,44
Mozambique,MOZ,2023,-18.665695,35.529562,260,64,193,3
Mozambique,MOZ,2024,-18.665695,35.529562,522,343,160,19
Myanmar,MMR,2015,21.913965,95.956223,659,51,603,5
Myanmar,MMR,2016,21.913965,95.956223,174,62,91,21
Myanmar,MMR,2017,21.913965,95.956223,2381,1883,130,368
Myanmar,MMR,2018,21.913965,95.956223,99,33,62,4
Myanmar,MMR,2019,21.913965,95.956223,558,59,395,104
Myanmar,MMR,2020,21.913965,95.956223,168,141,26,1
Myanmar,MMR,2021,21.913965,95.956223,1738,824,715,199
Myanmar,MMR,2022,21.913965,95.956223,2738,1234,1216,288
Myanmar,MMR,2023,21.913965,95.956223,3035,1720,1086,229
Myanmar,MMR,2024,21.913965,95.956223,2859,2392,315,152
Namibia,NAM,2015,-22.9576,18.4904,0,0,0,0
Namibia,NAM,2016,-22.9576,18.4904,0,0,0,0
Namibia,NAM,2017,-22.9576,18.4904,0,0,0,0
Namibia,NAM,2018,-22.9576,18.4904,0,0,0,0
Namibia,NAM,2019,-22.9576,18.4904,0,0,0,0
Namibia,NAM,2020,-22.9576,18.4904,0,0,0,0
Namibia,NAM,2021,-22.9576,18.4904,0,0,0,0
Namibia,NAM,2022,-22.9576,18.4904,0,0,0,0
Namibia,NAM,2023,-22.9576,18.4904,0,0,0,0
Namibia,NAM,2024,-22.9576,18.4904,0,0,0,0
Nauru,NRU,2015,-0.522778,166.931503,0,0,0,0
Nauru,NRU,2016,-0.522778,166.931503,0,0,0,0
Nauru,NRU,2017,-0.522778,166.931503,0,0,0,0
Nauru,NRU,2018,-0.522778,166.931503,0,0,0,0
Nauru,NRU,2019,-0.522778,166.931503,0,0,0,0
Nauru,NRU,2020,-0.522778,166.931503,0,0,0,0
Nauru,NRU,2021,-0.522778,166.931503,0,0,0,0
Nauru,NRU,2022,-0.522778,166.931503,0,0,0,0
Nauru,NRU,2023,-0.522778,166.931503,0,0,0,0
Nauru,NRU,2024,-0.522778,166.931503,0,0,0,0
Nepal,NPL,2015,28.394857,84.124008,0,0,0,0
Nepal,NPL,2016,28.394857,84.124008,0,0,0,0
Nepal,NPL,2017,28.394857,84.124008,0,0,0,0
Nepal,NPL,2018,28.394857,84.124008,0,0,0,0
Nepal,NPL,2019,28.394857,84.124008,0,0,0,0
Nepal,NPL,2020,28.394857,84.124008,0,0,0,0
Nepal,NPL,2021,28.394857,84.124008,0,0,0,0
Nepal,NPL,2022,28.394857,84.124008,0,0,0,0
Nepal,NPL,2023,28.394857,84.124008,0,0,0,0
Nepal,NPL,2024,28.394857,84.124008,0,0,0,0
Netherlands,NLD,2015,52.132633,5.291266,0,0,0,0
Netherlands,NLD,2016,52.132633,5.291266,0,0,0,0
Netherlands,NLD,2017,52.132633,5.291266,0,0,0,0
Netherlands,NLD,2018,52.132633,5.291266,0,0,0,0
Netherlands,NLD,2019,52.132633,5.291266,0,0,0,0
Netherlands,NLD,2020,52.132633,5.291266,0,0,0,0
Netherlands,NLD,2021,52.132633,5.291266,0,0,0,0
Netherlands,NLD,2022,52.132633,5.291266,0,0,0,0
Netherlands,NLD,2023,52.132633,5.291266,0,0,0,0
Netherlands,NLD,2024,52.132633,5.291266,0,0,0,0
New Zealand,NZL,2015,-40.900557,174.885971,0,0,0,0
New Zealand,NZL,2016,-40.900557,174.885971,0,0,0,0
New Zealand,NZL,2017,-40.900557,174.885971,0,0,0,0
New Zealand,NZL,2018,-40.900557,174.885971,0,0,0,0
New Zealand,NZL,2019,-40.900557,174.885971,0,0,0,0
New Zealand,NZL,2020,-40.900557,174.885971,0,0,0,0
New Zealand,NZL,2021,-40.900557,174.885971,0,0,0,0
New Zealand,NZL,2022,-40.900557,174.885971,0,0,0,0
New Zealand,NZL,2023,-40.900557,174.885971,0,0,0,0
New Zealand,NZL,2024,-40.900557,174.885971,0,0,0,0
Nicaragua,NIC,2015,12.865416,-85.207229,0,0,0,0
Nicaragua,NIC,2016,12.865416,-85.207229,0,0,0,0
Nicaragua,NIC,2017,12.865416,-85.207229,0,0,0,0
Nicaragua,NIC,2018,12.865416,-85.207229,0,0,0,0
Nicaragua,NIC,2019,12.865416,-85.207229,0,0,0,0
Nicaragua,NIC,2020,12.865416,-85.207229,0,0,0,0
Nicaragua,NIC,2021,12.865416,-85.207229,0,0,0,0
Nicaragua,NIC,2022,12.865416,-85.207229,0,0,0,0
Nicaragua,NIC,2023,12.865416,-85.207229,0,0,0,0
Nicaragua,NIC,2024,12.865416,-85.207229,0,0,0,0
Niger,NER,2015,17.607789,8.081666,533,204,318,11
Niger,NER,2016,17.607789,8.081666,300,25,275,0
Niger,NER,2017,17.607789,8.081666,243,28,215,0
Niger,NER,2018,17.607789,8.081666,186,82,76,28
Niger,NER,2019,17.607789,8.081666,476,196,279,1
Niger,NER,2020,17.607789,8.081666,818,293,525,0
Niger,NER,2021,17.607789,8.081666,1134,655,442,37
Niger,NER,2022,17.607789,8.081666,664,111,497,56
Niger,NER,2023,17.607789,8.081666,478,169,297,12
Niger,NER,2024,17.607789,8.081666,1221,285,876,60
Nigeria,NGA,2015,9.081999,8.675277,9093,3789,4211,1093
Nigeria,NGA,2016,9.081999,8.675277,3848,652,2863,333
Nigeria,NGA,2017,9.081999,8.675277,3480,885,2206,389
Nigeria,NGA,2018,9.081999,8.675277,3125,581,2161,383
Nigeria,NGA,2019,9.081999,8.675277,2295,478,1550,267
Nigeria,NGA,2020,9.081999,8.675277,2909,566,2152,191
Nigeria,NGA,2021,9.081999,8.675277,3093,261,2235,597
Nigeria,NGA,2022,9.081999,8.675277,2814,387,2032,395
Nigeria,NGA,2023,9.081999,8.675277,3904,383,2623,898
Nigeria,NGA,2024,9.081999,8.675277,3061,507,1854,700
North Korea,PRK,2015,40.339852,127.510093,0,0,0,0
North Korea,PRK,2016,40.339852,127.510093,0,0,0,0
North Korea,PRK,2017,40.339852,127.510093,0,0,0,0
North Korea,PRK,2018,40.339852,127.510093,0,0,0,0
North Korea,PRK,2019,40.339852,127.510093,0,0,0,0
North Korea,PRK,2020,40.339852,127.510093,0,0,0,0
North Korea,PRK,2021,40.339852,127.510093,0,0,0,0
North Korea,PRK,2022,40.339852,127.510093,0,0,0,0
North Korea,PRK,2023,40.339852,127.510093,0,0,0,0
North Korea,PRK,2024,40.339852,127.510093,0,0,0,0
North Macedonia,MKD,2015,41.608635,21.745275,0,0,0,0
North Macedonia,MKD,2016,41.608635,21.745275,0,0,0,0
North Macedonia,MKD,2017,41.608635,21.745275,0,0,0,0
North Macedonia,MKD,2018,41.608635,21.745275,0,0,0,0
North Macedonia,MKD,2019,41.608635,21.745275,0,0,0,0
North Macedonia,MKD,2020,41.608635,21.745275,0,0,0,0
North Macedonia,MKD,2021,41.608635,21.745275,0,0,0,0
North Macedonia,MKD,2022,41.608635,21.745275,0,0,0,0
North Macedonia,MKD,2023,41.608635,21.745275,0,0,0,0
North Macedonia,MKD,2024,41.608635,21.745275,0,0,0,0
Norway,NOR,2015,60.472024,8.468946,0,0,0,0
Norway,NOR,2016,60.472024,8.468946,0,0,0,0
Norway,NOR,2017,60.472024,8.468946,0,0,0,0
Norway,NOR,2018,60.472024,8.468946,0,0,0,0
Norway,NOR,2019,60.472024,8.468946,0,0,0,0
Norway,NOR,2020,60.472024,8.468946,0,0,0,0
Norway,NOR,2021,60.472024,8.468946,0,0,0,0
Norway,NOR,2022,60.472024,8.468946,0,0,0,0
Norway,NOR,2023,60.472024,8.468946,0,0,0,0
Norway,NOR,2024,60.472024,8.468946,0,0,0,0
Oman,OMN,2015,21.512583,55.923255,0,0,0,0
Oman,OMN,2016,21.512583,55.923255,0,0,0,0
Oman,OMN,2017,21.512583,55.923255,0,0,0,0
Oman,OMN,2018,21.512583,55.923255,0,0,0,0
Oman,OMN,2019,21.512583,55.923255,0,0,0,0
Oman,OMN,2020,21.512583,55.923255,0,0,0,0
Oman,OMN,2021,21.512583,55.923255,0,0,0,0
Oman,OMN,2022,21.512583,55.923255,0,0,0,0
Oman,OMN,2023,21.512583,55.923255,0,0,0,0
Oman,OMN,2024,21.512583,55.923255,0,0,0,0
Pakistan,PAK,2015,30.375321,69.345116,2366,301,2031,34
Pakistan,PAK,2016,30.375321,69.345116,1086,379,668,39
Pakistan,PAK,2017,30.375321,69.345116,952,414,528,10
Pakistan,PAK,2018,30.375321,69.345116,485,299,185,1
Pakistan,PAK,2019,30.375321,69.345116,294,96,198,0
Pakistan,PAK,2020,30.375321,69.345116,392,60,315,17
Pakistan,PAK,2021,30.375321,69.345116,431,36,381,14
Pakistan,PAK,2022,30.375321,69.345116,685,92,580,13
Pakistan,PAK,2023,30.375321,69.345116,1161,127,920,114
Pakistan,PAK,2024,30.375321,69.345116,1845,192,1450,203
Palau,PLW,2015,7.51498,134.58252,0,0,0,0
Palau,PLW,2016,7.51498,134.58252,0,0,0,0
Palau,PLW,2017,7.51498,134.58252,0,0,0,0
Palau,PLW,2018,7.51498,134.58252,0,0,0,0
Palau,PLW,2019,7.51498,134.58252,0,0,0,0
Palau,PLW,2020,7.51498,134.58252,0,0,0,0
Palau,PLW,2021,7.51498,134.58252,0,0,0,0
Palau,PLW,2022,7.51498,134.58252,0,0,0,0
Palau,PLW,2023,7.51498,134.58252,0,0,0,0
Palau,PLW,2024,7.51498,134.58252,0,0,0,0
Palestine,PSE,2015,31.952162,35.233154,0,0,0,0
Palestine,PSE,2016,31.952162,35.233154,0,0,0,0
Palestine,PSE,2017,31.952162,35.233154,0,0,0,0
Palestine,PSE,2018,31.952162,35.233154,51,6,34,11
Palestine,PSE,2019,31.952162,35.233154,48,22,25,1
Palestine,PSE,2020,31.952162,35.233154,0,0,0,0
Palestine,PSE,2021,31.952162,35.233154,252,148,99,5
Palestine,PSE,2022,31.952162,35.233154,84,17,63,4
Palestine,PSE,2023,31.952162,35.233154,26129,17196,414,8519
Palestine,PSE,2024,31.952162,35.233154,21399,10340,321,10738
Panama,PAN,2015,8.537981,-80.782127,0,0,0,0
Panama,PAN,2016,8.537981,-80.782127,0,0,0,0
Panama,PAN,2017,8.537981,-80.782127,0,0,0,0
Panama,PAN,2018,8.537981,-80.782127,0,0,0,0
Panama,PAN,2019,8.537981,-80.782127,0,0,0,0
Panama,PAN,2020,8.537981,-80.782127,0,0,0,0
Panama,PAN,2021,8.537981,-80.782127,0,0,0,0
Panama,PAN,2022,8.537981,-80.782127,0,0,0,0
Panama,PAN,2023,8.537981,-80.782127,0,0,0,0
Panama,PAN,2024,8.537981,-80.782127,0,0,0,0
Papua New Guinea,PNG,2015,-6.314993,143.95555,0,0,0,0
Papua New Guinea,PNG,2016,-6.314993,143.95555,0,0,0,0
Papua New Guinea,PNG,2017,-6.314993,143.95555,0,0,0,0
Papua New Guinea,PNG,2018,-6.314993,143.95555,0,0,0,0
Papua New Guinea,PNG,2019,-6.314993,143.95555,30,0,30,0
Papua New Guinea,PNG,2020,-6.314993,143.95555,0,0,0,0
Papua New Guinea,PNG,2021,-6.314993,143.95555,38,0,14,24
Papua New Guinea,PNG,2022,-6.314993,143.95555,104,0,33,71
Papua New Guinea,PNG,2023,-6.314993,143.95555,0,0,0,0
Papua New Guinea,PNG,2024,-6.314993,143.95555,130,26,72,32
Paraguay,PRY,2015,-23.442503,-58.443832,0,0,0,0
Paraguay,PRY,2016,-23.442503,-58.443832,1,0,0,1
Paraguay,PRY,2017,-23.442503,-58.443832,0,0,0,0
Paraguay,PRY,2018,-23.442503,-58.443832,0,0,0,0
Paraguay,PRY,2019,-23.442503,-58.443832,0,0,0,0
Paraguay,PRY,2020,-23.442503,-58.443832,0,0,0,0
Paraguay,PRY,2021,-23.442503,-58.443832,0,0,0,0
Paraguay,PRY,2022,-23.442503,-58.443832,0,0,0,0
Paraguay,PRY,2023,-23.442503,-58.443832,0,0,0,0
Paraguay,PRY,2024,-23.442503,-58.443832,0,0,0,0
Peru,PER,2015,-9.189967,-75.015152,0,0,0,0
Peru,PER,2016,-9.189967,-75.015152,0,0,0,0
Peru,PER,2017,-9.189967,-75.015152,0,0,0,0
Peru,PER,2018,-9.189967,-75.015152,0,0,0,0
Peru,PER,2019,-9.189967,-75.015152,0,0,0,0
Peru,PER,2020,-9.189967,-75.015152,5,0,0,5
Peru,PER,2021,-9.189967,-75.015152,0,0,0,0
Peru,PER,2022,-9.189967,-75.015152,0,0,0,0
Peru,PER,2023,-9.189967,-75.015152,0,0,0,0
Peru,PER,2024,-9.189967,-75.015152,0,0,0,0
Philippines,PHL,2015,12.879721,121.774017,606,49,554,3
Philippines,PHL,2016,12.879721,121.774017,597,53,543,1
Philippines,PHL,2017,12.879721,121.774017,1690,92,1577,21
Philippines,PHL,2018,12.879721,121.774017,432,19,411,2
Philippines,PHL,2019,12.879721,121.774017,331,25,290,16
Philippines,PHL,2020,12.879721,121.774017,373,36,336,1
Philippines,PHL,2021,12.879721,121.774017,266,10,256,0
Philippines,PHL,2022,12.879721,121.774017,220,5,213,2
Philippines,PHL,2023,12.879721,121.774017,249,6,233,10
Philippines,PHL,2024,12.879721,121.774017,176,0,157,19
Poland,POL,2015,51.919438,19.145136,0,0,0,0
Poland,POL,2016,51.919438,19.145136,0,0,0,0
Poland,POL,2017,51.919438,19.145136,0,0,0,0
Poland,POL,2018,51.919438,19.145136,0,0,0,0
Poland,POL,2019,51.919438,19.145136,0,0,0,0
Poland,POL,2020,51.919438,19.145136,0,0,0,0
Poland,POL,2021,51.919438,19.145136,0,0,0,0
Poland,POL,2022,51.919438,19.145136,2,2,0,0
Poland,POL,2023,51.919438,19.145136,0,0,0,0
Poland,POL,2024,51.919438,19.145136,0,0,0,0
Portugal,PRT,2015,39.399872,-8.224454,0,0,0,0
Portugal,PRT,2016,39.399872,-8.224454,0,0,0,0
Portugal,PRT,2017,39.399872,-8.224454,0,0,0,0
Portugal,PRT,2018,39.399872,-8.224454,0,0,0,0
Portugal,PRT,2019,39.399872,-8.224454,0,0,0,0
Portugal,PRT,2020,39.399872,-8.224454,0,0,0,0
Portugal,PRT,2021,39.399872,-8.224454,0,0,0,0
Portugal,PRT,2022,39.399872,-8.224454,0,0,0,0
Portugal,PRT,2023,39.399872,-8.224454,0,0,0,0
Portugal,PRT,2024,39.399872,-8.224454,0,0,0,0
Qatar,QAT,2015,25.354826,51.183884,0,0,0,0
Qatar,QAT,2016,25.354826,51.183884,0,0,0,0
Qatar,QAT,2017,25.354826,51.183884,0,0,0,0
Qatar,QAT,2018,25.354826,51.183884,0,0,0,0
Qatar,QAT,2019,25.354826,51.183884,0,0,0,0
Qatar,QAT,2020,25.354826,51.183884,0,0,0,0
Qatar,QAT,2021,25.354826,51.183884,0,0,0,0
Qatar,QAT,2022,25.354826,51.183884,0,0,0,0
Qatar,QAT,2023,25.354826,51.183884,0,0,0,0
Qatar,QAT,2024,25.354826,51.183884,0,0,0,0
Romania,ROU,2015,45.943161,24.96676,0,0,0,0
Romania,ROU,2016,45.943161,24.96676,0,0,0,0
Romania,ROU,2017,45.943161,24.96676,0,0,0,0
Romania,ROU,2018,45.943161,24.96676,0,0,0,0
Romania,ROU,2019,45.943161,24.96676,0,0,0,0
Romania,ROU,2020,45.943161,24.96676,0,0,0,0
Romania,ROU,2021,45.943161,24.96676,0,0,0,0
Romania,ROU,2022,45.943161,24.96676,0,0,0,0
Romania,ROU,2023,45.943161,24.96676,0,0,0,0
Romania,ROU,2024,45.943161,24.96676,0,0,0,0
Russia,RUS,2015,61.52401,105.318756,86,2,84,0
Russia,RUS,2016,61.52401,105.318756,70,1,69,0
Russia,RUS,2017,61.52401,105.318756,53,0,53,0
Russia,RUS,2018,61.52401,105.318756,36,6,29,1
Russia,RUS,2019,61.52401,105.318756,26,0,26,0
Russia,RUS,2020,61.52401,105.318756,32,0,31,1
Russia,RUS,2021,61.52401,105.318756,0,0,0,0
Russia,RUS,2022,61.52401,105.318756,65,26,38,1
Russia,RUS,2023,61.52401,105.318756,197,84,110,3
Russia,RUS,2024,61.52401,105.318756,7814,419,7386,9
Rwanda,RWA,2015,-1.940278,29.873888,0,0,0,0
Rwanda,RWA,2016,-1.940278,29.873888,27,27,0,0
Rwanda,RWA,2017,-1.940278,29.873888,0,0,0,0
Rwanda,RWA,2018,-1.940278,29.873888,9,9,0,0
Rwanda,RWA,2019,-1.940278,29.873888,19,0,19,0
Rwanda,RWA,2020,-1.940278,29.873888,0,0,0,0
Rwanda,RWA,2021,-1.940278,29.873888,0,0,0,0
Rwanda,RWA,2022,-1.940278,29.873888,4,1,3,0
Rwanda,RWA,2023,-1.940278,29.873888,0,0,0,0
Rwanda,RWA,2024,-1.940278,29.873888,1,0,1,0
Saint Kitts and Nevis,KNA,2015,17.357822,-62.782998,0,0,0,0
Saint Kitts and Nevis,KNA,2016,17.357822,-62.782998,0,0,0,0
Saint Kitts and Nevis,KNA,2017,17.357822,-62.782998,0,0,0,0
Saint Kitts and Nevis,KNA,2018,17.357822,-62.782998,0,0,0,0
Saint Kitts and Nevis,KNA,2019,17.357822,-62.782998,0,0,0,0
Saint Kitts and Nevis,KNA,2020,17.357822,-62.782998,0,0,0,0
Saint Kitts and Nevis,KNA,2021,17.357822,-62.782998,0,0,0,0
Saint Kitts and Nevis,KNA,2022,17.357822,-62.782998,0,0,0,0
Saint Kitts and Nevis,KNA,2023,17.357822,-62.782998,0,0,0,0
Saint Kitts and Nevis,KNA,2024,17.357822,-62.782998,0,0,0,0
Saint Lucia,LCA,2015,13.909444,-60.978893,0,0,0,0
Saint Lucia,LCA,2016,13.909444,-60.978893,0,0,0,0
Saint Lucia,LCA,2017,13.909444,-60.978893,0,0,0,0
Saint Lucia,LCA,2018,13.909444,-60.978893,0,0,0,0
Saint Lucia,LCA,2019,13.909444,-60.978893,0,0,0,0
Saint Lucia,LCA,2020,13.909444,-60.978893,0,0,0,0
Saint Lucia,LCA,2021,13.909444,-60.978893,0,0,0,0
Saint Lucia,LCA,2022,13.909444,-60.978893,0,0,0,0
Saint Lucia,LCA,2023,13.909444,-60.978893,0,0,0,0
Saint Lucia,LCA,2024,13.909444,-60.978893,0,0,0,0
Saint Vincent and the Grenadines,VCT,2015,12.984305,-61.287228,0,0,0,0
Saint Vincent and the Grenadines,VCT,2016,12.984305,-61.287228,0,0,0,0
Saint Vincent and the Grenadines,VCT,2017,12.984305,-61.287228,0,0,0,0
Saint Vincent and the Grenadines,VCT,2018,12.984305,-61.287228,0,0,0,0
Saint Vincent and the Grenadines,VCT,2019,12.984305,-61.287228,0,0,0,0
Saint Vincent and the Grenadines,VCT,2020,12.984305,-61.287228,0,0,0,0
Saint Vincent and the Grenadines,VCT,2021,12.984305,-61.287228,0,0,0,0
Saint Vincent and the Grenadines,VCT,2022,12.984305,-61.287228,0,0,0,0
Saint Vincent and the Grenadines,VCT,2023,12.984305,-61.287228,0,0,0,0
Saint Vincent and the Grenadines,VCT,2024,12.984305,-61.287228,0,0,0,0
Samoa,WSM,2015,-13.759029,-172.104629,0,0,0,0
Samoa,WSM,2016,-13.759029,-172.104629,0,0,0,0
Samoa,WSM,2017,-13.759029,-172.104629,0,0,0,0
Samoa,WSM,2018,-13.759029,-172.104629,0,0,0,0
Samoa,WSM,2019,-13.759029,-172.104629,0,0,0,0
Samoa,WSM,2020,-13.759029,-172.104629,0,0,0,0
Samoa,WSM,2021,-13.759029,-172.104629,0,0,0,0
Samoa,WSM,2022,-13.759029,-172.104629,0,0,0,0
Samoa,WSM,2023,-13.759029,-172.104629,0,0,0,0
Samoa,WSM,2024,-13.759029,-172.104629,0,0,0,0
San Marino,SMR,2015,43.94236,12.457777,0,0,0,0
San Marino,SMR,2016,43.94236,12.457777,0,0,0,0
San Marino,SMR,2017,43.94236,12.457777,0,0,0,0
San Marino,SMR,2018,43.94236,12.457777,0,0,0,0
San Marino,SMR,2019,43.94236,12.457777,0,0,0,0
San Marino,SMR,2020,43.94236,12.457777,0,0,0,0
San Marino,SMR,2021,43.94236,12.457777,0,0,0,0
San Marino,SMR,2022,43.94236,12.457777,0,0,0,0
San Marino,SMR,2023,43.94236,12.457777,0,0,0,0
San Marino,SMR,2024,43.94236,12.457777,0,0,0,0
Sao Tome and Principe,STP,2015,0.18636,6.613081,0,0,0,0
Sao Tome and Principe,STP,2016,0.18636,6.613081,0,0,0,0
Sao Tome and Principe,STP,2017,0.18636,6.613081,0,0,0,0
Sao Tome and Principe,STP,2018,0.18636,6.613081,0,0,0,0
Sao Tome and Principe,STP,2019,0.18636,6.613081,0,0,0,0
Sao Tome and Principe,STP,2020,0.18636,6.613081,0,0,0,0
Sao Tome and Principe,STP,2021,0.18636,6.613081,0,0,0,0
Sao Tome and Principe,STP,2022,0.18636,6.613081,0,0,0,0
Sao Tome and Principe,STP,2023,0.18636,6.613081,0,0,0,0
Sao Tome and Principe,STP,2024,0.18636,6.613081,0,0,0,0
Saudi Arabia,SAU,2015,23.885942,45.079162,120,51,64,5
Saudi Arabia,SAU,2016,23.885942,45.079162,125,25,91,9
Saudi Arabia,SAU,2017,23.885942,45.079162,56,2,54,0
Saudi Arabia,SAU,2018,23.885942,45.079162,11,6,5,0
Saudi Arabia,SAU,2019,23.885942,45.079162,7,0,7,0
Saudi Arabia,SAU,2020,23.885942,45.079162,0,0,0,0
Saudi Arabia,SAU,2021,23.885942,45.079162,6,5,1,0
Saudi Arabia,SAU,2022,23.885942,45.079162,0,0,0,0
Saudi Arabia,SAU,2023,23.885942,45.079162,9,0,9,0
Saudi Arabia,SAU,2024,23.885942,45.079162,0,0,0,0
Senegal,SEN,2015,14.497401,-14.452362,0,0,0,0
Senegal,SEN,2016,14.497401,-14.452362,0,0,0,0
Senegal,SEN,2017,14.497401,-14.452362,0,0,0,0
Senegal,SEN,2018,14.497401,-14.452362,0,0,0,0
Senegal,SEN,2019,14.497401,-14.452362,0,0,0,0
Senegal,SEN,2020,14.497401,-14.452362,0,0,0,0
Senegal,SEN,2021,14.497401,-14.452362,0,0,0,0
Senegal,SEN,2022,14.497401,-14.452362,0,0,0,0
Senegal,SEN,2023,14.497401,-14.452362,0,0,0,0
Senegal,SEN,2024,14.497401,-14.452362,0,0,0,0
Serbia,SRB,2015,44.016521,21.005859,0,0,0,0
Serbia,SRB,2016,44.016521,21.005859,0,0,0,0
Serbia,SRB,2017,44.016521,21.005859,0,0,0,0
Serbia,SRB,2018,44.016521,21.005859,0,0,0,0
Serbia,SRB,2019,44.016521,21.005859,0,0,0,0
Serbia,SRB,2020,44.016521,21.005859,0,0,0,0
Serbia,SRB,2021,44.016521,21.005859,0,0,0,0
Serbia,SRB,2022,44.016521,21.005859,0,0,0,0
Serbia,SRB,2023,44.016521,21.005859,0,0,0,0
Serbia,SRB,2024,44.016521,21.005859,0,0,0,0
Seychelles,SYC,2015,-4.679574,55.491977,0,0,0,0
Seychelles,SYC,2016,-4.679574,55.491977,0,0,0,0
Seychelles,SYC,2017,-4.679574,55.491977,0,0,0,0
Seychelles,SYC,2018,-4.679574,55.491977,0,0,0,0
Seychelles,SYC,2019,-4.679574,55.491977,0,0,0,0
Seychelles,SYC,2020,-4.679574,55.491977,0,0,0,0
Seychelles,SYC,2021,-4.679574,55.491977,0,0,0,0
Seychelles,SYC,2022,-4.679574,55.491977,0,0,0,0
Seychelles,SYC,2023,-4.679574,55.491977,0,0,0,0
Seychelles,SYC,2024,-4.679574,55.491977,0,0,0,0
Sierra Leone,SLE,2015,8.460555,-11.779889,0,0,0,0
Sierra Leone,SLE,2016,8.460555,-11.779889,0,0,0,0
Sierra Leone,SLE,2017,8.460555,-11.779889,0,0,0,0
Sierra Leone,SLE,2018,8.460555,-11.779889,0,0,0,0
Sierra Leone,SLE,2019,8.460555,-11.779889,0,0,0,0
Sierra Leone,SLE,2020,8.460555,-11.779889,0,0,0,0
Sierra Leone,SLE,2021,8.460555,-11.779889,0,0,0,0
Sierra Leone,SLE,2022,8.460555,-11.779889,0,0,0,0
Sierra Leone,SLE,2023,8.460555,-11.779889,0,0,0,0
Sierra Leone,SLE,2024,8.460555,-11.779889,0,0,0,0
Singapore,SGP,2015,1.352083,103.819836,0,0,0,0
Singapore,SGP,2016,1.352083,103.819836,0,0,0,0
Singapore,SGP,2017,1.352083,103.819836,0,0,0,0
Singapore,SGP,2018,1.352083,103.819836,0,0,0,0
Singapore,SGP,2019,1.352083,103.819836,0,0,0,0
Singapore,SGP,2020,1.352083,103.819836,0,0,0,0
Singapore,SGP,2021,1.352083,103.819836,0,0,0,0
Singapore,SGP,2022,1.352083,103.819836,0,0,0,0
Singapore,SGP,2023,1.352083,103.819836,0,0,0,0
Singapore,SGP,2024,1.352083,103.819836,0,0,0,0
Slovakia,SVK,2015,48.669026,19.699024,0,0,0,0
Slovakia,SVK,2016,48.669026,19.699024,0,0,0,0
Slovakia,SVK,2017,48.669026,19.699024,0,0,0,0
Slovakia,SVK,2018,48.669026,19.699024,0,0,0,0
Slovakia,SVK,2019,48.669026,19.699024,0,0,0,0
Slovakia,SVK,2020,48.669026,19.699024,0,0,0,0
Slovakia,SVK,2021,48.669026,19.699024,0,0,0,0
Slovakia,SVK,2022,48.669026,19.699024,0,0,0,0
Slovakia,SVK,2023,48.669026,19.699024,0,0,0,0
Slovakia,SVK,2024,48.669026,19.699024,0,0,0,0
Slovenia,SVN,2015,46.151241,14.995463,0,0,0,0
Slovenia,SVN,2016,46.151241,14.995463,0,0,0,0
Slovenia,SVN,2017,46.151241,14.995463,0,0,0,0
Slovenia,SVN,2018,46.151241,14.995463,0,0,0,0
Slovenia,SVN,2019,46.151241,14.995463,0,0,0,0
Slovenia,SVN,2020,46.151241,14.995463,0,0,0,0
Slovenia,SVN,2021,46.151241,14.995463,0,0,0,0
Slovenia,SVN,2022,46.151241,14.995463,0,0,0,0
Slovenia,SVN,2023,46.151241,14.995463,0,0,0,0
Slovenia,SVN,2024,46.151241,14.995463,0,0,0,0
Solomon Islands,SLB,2015,-9.64571,160.156194,0,0,0,0
Solomon Islands,SLB,2016,-9.64571,160.156194,0,0,0,0
Solomon Islands,SLB,2017,-9.64571,160.156194,0,0,0,0
Solomon Islands,SLB,2018,-9.64571,160.156194,0,0,0,0
Solomon Islands,SLB,2019,-9.64571,160.156194,0,0,0,0
Solomon Islands,SLB,2020,-9.64571,160.156194,0,0,0,0
Solomon Islands,SLB,2021,-9.64571,160.156194,0,0,0,0
Solomon Islands,SLB,2022,-9.64571,160.156194,0,0,0,0
Solomon Islands,SLB,2023,-9.64571,160.156194,0,0,0,0
Solomon Islands,SLB,2024,-9.64571,160.156194,0,0,0,0
Somalia,SOM,2015,5.152149,46.199616,1239,155,859,225
Somalia,SOM,2016,5.152149,46.199616,2055,310,1474,271
Somalia,SOM,2017,5.152149,46.199616,2060,251,1020,789
Somalia,SOM,2018,5.152149,46.199616,2432,271,1839,322
Somalia,SOM,2019,5.152149,46.199616,2179,271,1633,275
Somalia,SOM,2020,5.152149,46.199616,2091,257,1746,88
Somalia,SOM,2021,5.152149,46.199616,2253,245,1889,119
Somalia,SOM,2022,5.152149,46.199616,3100,194,2529,377
Somalia,SOM,2023,5.152149,46.199616,4175,133,3646,396
Somalia,SOM,2024,5.152149,46.199616,2480,448,1853,179
South Africa,ZAF,2015,-30.559482,22.937506,0,0,0,0
South Africa,ZAF,2016,-30.559482,22.937506,0,0,0,0
South Africa,ZAF,2017,-30.559482,22.937506,0,0,0,0
South Africa,ZAF,2018,-30.559482,22.937506,1,1,0,0
South Africa,ZAF,2019,-30.559482,22.937506,0,0,0,0
South Africa,ZAF,2020,-30.559482,22.937506,0,0,0,0
South Africa,ZAF,2021,-30.559482,22.937506,123,0,48,75
South Africa,ZAF,2022,-30.559482,22.937506,0,0,0,0
South Africa,ZAF,2023,-30.559482,22.937506,0,0,0,0
South Africa,ZAF,2024,-30.559482,22.937506,0,0,0,0
South Korea,KOR,2015,35.907757,127.766922,0,0,0,0
South Korea,KOR,2016,35.907757,127.766922,0,0,0,0
South Korea,KOR,2017,35.907757,127.766922,0,0,0,0
South Korea,KOR,2018,35.907757,127.766922,0,0,0,0
South Korea,KOR,2019,35.907757,127.766922,0,0,0,0
South Korea,KOR,2020,35.907757,127.766922,0,0,0,0
South Korea,KOR,2021,35.907757,127.766922,0,0,0,0
South Korea,KOR,2022,35.907757,127.766922,0,0,0,0
South Korea,KOR,2023,35.907757,127.766922,0,0,0,0
South Korea,KOR,2024,35.907757,127.766922,0,0,0,0
South Sudan,SSD,2015,6.877,31.307,1116,449,105,562
South Sudan,SSD,2016,6.877,31.307,1289,354,302,633
South Sudan,SSD,2017,6.877,31.307,1244,351,162,731
South Sudan,SSD,2018,6.877,31.307,1175,435,383,357
South Sudan,SSD,2019,6.877,31.307,626,149,138,339
South Sudan,SSD,2020,6.877,31.307,640,70,28,542
South Sudan,SSD,2021,6.877,31.307,888,51,196,641
South Sudan,SSD,2022,6.877,31.307,679,259,58,362
South Sudan,SSD,2023,6.877,31.307,206,38,0,168
South Sudan,SSD,2024,6.877,31.307,629,41,16,572
Spain,ESP,2015,40.463667,-3.74922,0,0,0,0
Spain,ESP,2016,40.463667,-3.74922,0,0,0,0
Spain,ESP,2017,40.463667,-3.74922,16,16,0,0
Spain,ESP,2018,40.463667,-3.74922,0,0,0,0
Spain,ESP,2019,40.463667,-3.74922,0,0,0,0
Spain,ESP,2020,40.463667,-3.74922,0,0,0,0
Spain,ESP,2021,40.463667,-3.74922,0,0,0,0
Spain,ESP,2022,40.463667,-3.74922,0,0,0,0
Spain,ESP,2023,40.463667,-3.74922,2,0,2,0
Spain,ESP,2024,40.463667,-3.74922,0,0,0,0
Sri Lanka,LKA,2015,7.873054,80.771797,0,0,0,0
Sri Lanka,LKA,2016,7.873054,80.771797,0,0,0,0
Sri Lanka,LKA,2017,7.873054,80.771797,0,0,0,0
Sri Lanka,LKA,2018,7.873054,80.771797,0,0,0,0
Sri Lanka,LKA,2019,7.873054,80.771797,255,255,0,0
Sri Lanka,LKA,2020,7.873054,80.771797,0,0,0,0
Sri Lanka,LKA,2021,7.873054,80.771797,0,0,0,0
Sri Lanka,LKA,2022,7.873054,80.771797,0,0,0,0
Sri Lanka,LKA,2023,7.873054,80.771797,0,0,0,0
Sri Lanka,LKA,2024,7.873054,80.771797,0,0,0,0
Sudan,SDN,2015,12.862807,30.217636,2485,589,1268,628
Sudan,SDN,2016,12.862807,30.217636,1894,782,217,895
Sudan,SDN,2017,12.862807,30.217636,504,62,201,241
Sudan,SDN,2018,12.862807,30.217636,364,97,138,129
Sudan,SDN,2019,12.862807,30.217636,397,186,42,169
Sudan,SDN,2020,12.862807,30.217636,559,70,153,336
Sudan,SDN,2021,12.862807,30.217636,810,119,196,495
Sudan,SDN,2022,12.862807,30.217636,1184,95,589,500
Sudan,SDN,2023,12.862807,30.217636,7754,3126,396,4232
Sudan,SDN,2024,12.862807,30.217636,6996,4268,677,2051
Suriname,SUR,2015,3.919305,-56.027783,0,0,0,0
Suriname,SUR,2016,3.919305,-56.027783,0,0,0,0
Suriname,SUR,2017,3.919305,-56.027783,0,0,0,0
Suriname,SUR,2018,3.919305,-56.027783,0,0,0,0
Suriname,SUR,2019,3.919305,-56.027783,0,0,0,0
Suriname,SUR,2020,3.919305,-56.027783,0,0,0,0
Suriname,SUR,2021,3.919305,-56.027783,0,0,0,0
Suriname,SUR,2022,3.919305,-56.027783,0,0,0,0
Suriname,SUR,2023,3.919305,-56.027783,0,0,0,0
Suriname,SUR,2024,3.919305,-56.027783,0,0,0,0
Sweden,SWE,2015,60.128161,18.643501,0,0,0,0
Sweden,SWE,2016,60.128161,18.643501,0,0,0,0
Sweden,SWE,2017,60.128161,18.643501,5,5,0,0
Sweden,SWE,2018,60.128161,18.643501,0,0,0,0
Sweden,SWE,2019,60.128161,18.643501,0,0,0,0
Sweden,SWE,2020,60.128161,18.643501,0,0,0,0
Sweden,SWE,2021,60.128161,18.643501,0,0,0,0
Sweden,SWE,2022,60.128161,18.643501,0,0,0,0
Sweden,SWE,2023,60.128161,18.643501,0,0,0,0
Sweden,SWE,2024,60.128161,18.643501,0,0,0,0
Switzerland,CHE,2015,46.818188,8.227512,0,0,0,0
Switzerland,CHE,2016,46.818188,8.227512,0,0,0,0
Switzerland,CHE,2017,46.818188,8.227512,0,0,0,0
Switzerland,CHE,2018,46.818188,8.227512,0,0,0,0
Switzerland,CHE,2019,46.818188,8.227512,0,0,0,0
Switzerland,CHE,2020,46.818188,8.227512,0,0,0,0
Switzerland,CHE,2021,46.818188,8.227512,0,0,0,0
Switzerland,CHE,2022,46.818188,8.227512,0,0,0,0
Switzerland,CHE,2023,46.818188,8.227512,0,0,0,0
Switzerland,CHE,2024,46.818188,8.227512,0,0,0,0
Syria,SYR,2015,34.802075,38.996815,59544,15548,41149,2847
Syria,SYR,2016,34.802075,38.996815,53851,14280,36203,3368
Syria,SYR,2017,34.802075,38.996815,38472,13281,23121,2070
Syria,SYR,2018,34.802075,38.996815,21679,6455,13734,1490
Syria,SYR,2019,34.802075,38.996815,11168,2608,7814,746
Syria,SYR,2020,34.802075,38.996815,5650,701,4888,61
Syria,SYR,2021,34.802075,38.996815,1903,389,1468,46
Syria,SYR,2022,34.802075,38.996815,1651,298,1297,56
Syria,SYR,2023,34.802075,38.996815,2170,439,1710,21
Syria,SYR,2024,34.802075,38.996815,3586,690,2759,137
Taiwan,TWN,2015,23.69781,120.960515,0,0,0,0
Taiwan,TWN,2016,23.69781,120.960515,0,0,0,0
Taiwan,TWN,2017,23.69781,120.960515,0,0,0,0
Taiwan,TWN,2018,23.69781,120.960515,0,0,0,0
Taiwan,TWN,2019,23.69781,120.960515,0,0,0,0
Taiwan,TWN,2020,23.69781,120.960515,0,0,0,0
Taiwan,TWN,2021,23.69781,120.960515,0,0,0,0
Taiwan,TWN,2022,23.69781,120.960515,0,0,0,0
Taiwan,TWN,2023,23.69781,120.960515,0,0,0,0
Taiwan,TWN,2024,23.69781,120.960515,0,0,0,0
Tajikistan,TJK,2015,38.861034,71.276093,0,0,0,0
Tajikistan,TJK,2016,38.861034,71.276093,0,0,0,0
Tajikistan,TJK,2017,38.861034,71.276093,0,0,0,0
Tajikistan,TJK,2018,38.861034,71.276093,56,4,17,35
Tajikistan,TJK,2019,38.861034,71.276093,49,0,44,5
Tajikistan,TJK,2020,38.861034,71.276093,0,0,0,0
Tajikistan,TJK,2021,38.861034,71.276093,17,8,9,0
Tajikistan,TJK,2022,38.861034,71.276093,95,35,49,11
Tajikistan,TJK,2023,38.861034,71.276093,0,0,0,0
Tajikistan,TJK,2024,38.861034,71.276093,0,0,0,0
Tanzania,TZA,2015,-6.369028,34.888822,0,0,0,0
Tanzania,TZA,2016,-6.369028,34.888822,0,0,0,0
Tanzania,TZA,2017,-6.369028,34.888822,1,1,0,0
Tanzania,TZA,2018,-6.369028,34.888822,0,0,0,0
Tanzania,TZA,2019,-6.369028,34.888822,6,6,0,0
Tanzania,TZA,2020,-6.369028,34.888822,25,21,4,0
Tanzania,TZA,2021,-6.369028,34.888822,12,12,0,0
Tanzania,TZA,2022,-6.369028,34.888822,0,0,0,0
Tanzania,TZA,2023,-6.369028,34.888822,0,0,0,0
Tanzania,TZA,2024,-6.369028,34.888822,0,0,0,0
Thailand,THA,2015,15.870032,100.992541,84,37,44,3
Thailand,THA,2016,15.870032,100.992541,50,9,41,0
Thailand,THA,2017,15.870032,100.992541,43,2,37,4
Thailand,THA,2018,15.870032,100.992541,61,29,31,1
Thailand,THA,2019,15.870032,100.992541,55,8,47,0
Thailand,THA,2020,15.870032,100.992541,46,0,46,0
Thailand,THA,2021,15.870032,100.992541,38,2,36,0
Thailand,THA,2022,15.870032,100.992541,29,2,27,0
Thailand,THA,2023,15.870032,100.992541,30,0,30,0
Thailand,THA,2024,15.870032,100.992541,35,3,31,1
Togo,TGO,2015,8.619543,0.824782,0,0,0,0
Togo,TGO,2016,8.619543,0.824782,0,0,0,0
Togo,TGO,2017,8.619543,0.824782,0,0,0,0
Togo,TGO,2018,8.619543,0.824782,0,0,0,0
Togo,TGO,2019,8.619543,0.824782,0,0,0,0
Togo,TGO,2020,8.619543,0.824782,0,0,0,0
Togo,TGO,2021,8.619543,0.824782,0,0,0,0
Togo,TGO,2022,8.619543,0.824782,62,35,27,0
Togo,TGO,2023,8.619543,0.824782,76,53,21,2
Togo,TGO,2024,8.619543,0.824782,68,36,32,0
Tonga,TON,2015,-21.178986,-175.198242,0,0,0,0
Tonga,TON,2016,-21.178986,-175.198242,0,0,0,0
Tonga,TON,2017,-21.178986,-175.198242,0,0,0,0
Tonga,TON,2018,-21.178986,-175.198242,0,0,0,0
Tonga,TON,2019,-21.178986,-175.198242,0,0,0,0
Tonga,TON,2020,-21.178986,-175.198242,0,0,0,0
Tonga,TON,2021,-21.178986,-175.198242,0,0,0,0
Tonga,TON,2022,-21.178986,-175.198242,0,0,0,0
Tonga,TON,2023,-21.178986,-175.198242,0,0,0,0
Tonga,TON,2024,-21.178986,-175.198242,0,0,0,0
Trinidad and Tobago,TTO,2015,10.691803,-61.222503,0,0,0,0
Trinidad and Tobago,TTO,2016,10.691803,-61.222503,0,0,0,0
Trinidad and Tobago,TTO,2017,10.691803,-61.222503,0,0,0,0
Trinidad and Tobago,TTO,2018,10.691803,-61.222503,0,0,0,0
Trinidad and Tobago,TTO,2019,10.691803,-61.222503,0,0,0,0
Trinidad and Tobago,TTO,2020,10.691803,-61.222503,0,0,0,0
Trinidad and Tobago,TTO,2021,10.691803,-61.222503,0,0,0,0
Trinidad and Tobago,TTO,2022,10.691803,-61.222503,0,0,0,0
Trinidad and Tobago,TTO,2023,10.691803,-61.222503,0,0,0,0
Trinidad and Tobago,TTO,2024,10.691803,-61.222503,0,0,0,0
Tunisia,TUN,2015,33.886917,9.537499,118,60,58,0
Tunisia,TUN,2016,33.886917,9.537499,71,7,64,0
Tunisia,TUN,2017,33.886917,9.537499,0,0,0,0
Tunisia,TUN,2018,33.886917,9.537499,0,0,0,0
Tunisia,TUN,2019,33.886917,9.537499,0,0,0,0
Tunisia,TUN,2020,33.886917,9.537499,0,0,0,0
Tunisia,TUN,2021,33.886917,9.537499,0,0,0,0
Tunisia,TUN,2022,33.886917,9.537499,0,0,0,0
Tunisia,TUN,2023,33.886917,9.537499,0,0,0,0
Tunisia,TUN,2024,33.886917,9.537499,0,0,0,0
Turkey,TUR,2015,38.963745,35.243322,1049,177,838,34
Turkey,TUR,2016,38.963745,35.243322,1521,383,1068,70
Turkey,TUR,2017,38.963745,35.243322,435,44,391,0
Turkey,TUR,2018,38.963745,35.243322,460,8,448,4
Turkey,TUR,2019,38.963745,35.243322,299,23,276,0
Turkey,TUR,2020,38.963745,35.243322,208,3,204,1
Turkey,TUR,2021,38.963745,35.243322,132,1,129,2
Turkey,TUR,2022,38.963745,35.243322,100,3,96,1
Turkey,TUR,2023,38.963745,35.243322,106,0,105,1
Turkey,TUR,2024,38.963745,35.243322,35,2,33,0
Turkmenistan,TKM,2015,38.969719,59.556278,0,0,0,0
Turkmenistan,TKM,2016,38.969719,59.556278,0,0,0,0
Turkmenistan,TKM,2017,38.969719,59.556278,0,0,0,0
Turkmenistan,TKM,2018,38.969719,59.556278,0,0,0,0
Turkmenistan,TKM,2019,38.969719,59.556278,0,0,0,0
Turkmenistan,TKM,2020,38.969719,59.556278,0,0,0,0
Turkmenistan,TKM,2021,38.969719,59.556278,0,0,0,0
Turkmenistan,TKM,2022,38.969719,59.556278,0,0,0,0
Turkmenistan,TKM,2023,38.969719,59.556278,0,0,0,0
Turkmenistan,TKM,2024,38.969719,59.556278,0,0,0,0
Tuvalu,TUV,2015,-7.109535,177.64933,0,0,0,0
Tuvalu,TUV,2016,-7.109535,177.64933,0,0,0,0
Tuvalu,TUV,2017,-7.109535,177.64933,0,0,0,0
Tuvalu,TUV,2018,-7.109535,177.64933,0,0,0,0
Tuvalu,TUV,2019,-7.109535,177.64933,0,0,0,0
Tuvalu,TUV,2020,-7.109535,177.64933,0,0,0,0
Tuvalu,TUV,2021,-7.109535,177.64933,0,0,0,0
Tuvalu,TUV,2022,-7.109535,177.64933,0,0,0,0
Tuvalu,TUV,2023,-7.109535,177.64933,0,0,0,0
Tuvalu,TUV,2024,-7.109535,177.64933,0,0,0,0
Uganda,UGA,2015,1.373333,32.290275,0,0,0,0
Uganda,UGA,2016,1.373333,32.290275,30,0,0,30
Uganda,UGA,2017,1.373333,32.290275,0,0,0,0
Uganda,UGA,2018,1.373333,32.290275,0,0,0,0
Uganda,UGA,2019,1.373333,32.290275,0,0,0,0
Uganda,UGA,2020,1.373333,32.290275,0,0,0,0
Uganda,UGA,2021,1.373333,32.290275,0,0,0,0
Uganda,UGA,2022,1.373333,32.290275,25,1,24,0
Uganda,UGA,2023,1.373333,32.290275,57,57,0,0
Uganda,UGA,2024,1.373333,32.290275,0,0,0,0
Ukraine,UKR,2015,48.379433,31.16558,1890,362,1170,358
Ukraine,UKR,2016,48.379433,31.16558,697,35,662,0
Ukraine,UKR,2017,48.379433,31.16558,447,69,373,5
Ukraine,UKR,2018,48.379433,31.16558,243,51,173,19
Ukraine,UKR,2019,48.379433,31.16558,311,22,289,0
Ukraine,UKR,2020,48.379433,31.16558,196,21,174,1
Ukraine,UKR,2021,48.379433,31.16558,208,18,188,2
Ukraine,UKR,2022,48.379433,31.16558,92608,19247,55816,17545
Ukraine,UKR,2023,48.379433,31.16558,75393,2596,72691,106
Ukraine,UKR,2024,48.379433,31.16558,68116,2366,65685,65
United Arab Emirates,ARE,2015,23.424076,53.847818,0,0,0,0
United Arab Emirates,ARE,2016,23.424076,53.847818,0,0,0,0
United Arab Emirates,ARE,2017,23.424076,53.847818,0,0,0,0
United Arab Emirates,ARE,2018,23.424076,53.847818,0,0,0,0
United Arab Emirates,ARE,2019,23.424076,53.847818,0,0,0,0
United Arab Emirates,ARE,2020,23.424076,53.847818,0,0,0,0
United Arab Emirates,ARE,2021,23.424076,53.847818,0,0,0,0
United Arab Emirates,ARE,2022,23.424076,53.847818,3,3,0,0
United Arab Emirates,ARE,2023,23.424076,53.847818,0,0,0,0
United Arab Emirates,ARE,2024,23.424076,53.847818,0,0,0,0
United Kingdom,GBR,2015,55.378051,-3.435973,0,0,0,0
United Kingdom,GBR,2016,55.378051,-3.435973,0,0,0,0
United Kingdom,GBR,2017,55.378051,-3.435973,0,0,0,0
United Kingdom,GBR,2018,55.378051,-3.435973,0,0,0,0
United Kingdom,GBR,2019,55.378051,-3.435973,3,2,1,0
United Kingdom,GBR,2020,55.378051,-3.435973,0,0,0,0
United Kingdom,GBR,2021,55.378051,-3.435973,0,0,0,0
United Kingdom,GBR,2022,55.378051,-3.435973,0,0,0,0
United Kingdom,GBR,2023,55.378051,-3.435973,0,0,0,0
United Kingdom,GBR,2024,55.378051,-3.435973,0,0,0,0
United States,USA,2015,37.09024,-95.712891,14,14,0,0
United States,USA,2016,37.09024,-95.712891,0,0,0,0
United States,USA,2017,37.09024,-95.712891,8,8,0,0
United States,USA,2018,37.09024,-95.712891,0,0,0,0
United States,USA,2019,37.09024,-95.712891,4,0,4,0
United States,USA,2020,37.09024,-95.712891,0,0,0,0
United States,USA,2021,37.09024,-95.712891,0,0,0,0
United States,USA,2022,37.09024,-95.712891,1,0,0,1
United States,USA,2023,37.09024,-95.712891,0,0,0,0
United States,USA,2024,37.09024,-95.712891,0,0,0,0
Uruguay,URY,2015,-32.522779,-55.765835,0,0,0,0
Uruguay,URY,2016,-32.522779,-55.765835,0,0,0,0
Uruguay,URY,2017,-32.522779,-55.765835,0,0,0,0
Uruguay,URY,2018,-32.522779,-55.765835,0,0,0,0
Uruguay,URY,2019,-32.522779,-55.765835,0,0,0,0
Uruguay,URY,2020,-32.522779,-55.765835,0,0,0,0
Uruguay,URY,2021,-32.522779,-55.765835,0,0,0,0
Uruguay,URY,2022,-32.522779,-55.765835,0,0,0,0
Uruguay,URY,2023,-32.522779,-55.765835,0,0,0,0
Uruguay,URY,2024,-32.522779,-55.765835,0,0,0,0
Uzbekistan,UZB,2015,41.377491,64.585262,0,0,0,0
Uzbekistan,UZB,2016,41.377491,64.585262,0,0,0,0
Uzbekistan,UZB,2017,41.377491,64.585262,0,0,0,0
Uzbekistan,UZB,2018,41.377491,64.585262,0,0,0,0
Uzbekistan,UZB,2019,41.377491,64.585262,0,0,0,0
Uzbekistan,UZB,2020,41.377491,64.585262,0,0,0,0
Uzbekistan,UZB,2021,41.377491,64.585262,0,0,0,0
Uzbekistan,UZB,2022,41.377491,64.585262,0,0,0,0
Uzbekistan,UZB,2023,41.377491,64.585262,0,0,0,0
Uzbekistan,UZB,2024,41.377491,64.585262,0,0,0,0
Vanuatu,VUT,2015,-15.376706,166.959158,0,0,0,0
Vanuatu,VUT,2016,-15.376706,166.959158,0,0,0,0
Vanuatu,VUT,2017,-15.376706,166.959158,0,0,0,0
Vanuatu,VUT,2018,-15.376706,166.959158,0,0,0,0
Vanuatu,VUT,2019,-15.376706,166.959158,0,0,0,0
Vanuatu,VUT,2020,-15.376706,166.959158,0,0,0,0
Vanuatu,VUT,2021,-15.376706,166.959158,0,0,0,0
Vanuatu,VUT,2022,-15.376706,166.959158,0,0,0,0
Vanuatu,VUT,2023,-15.376706,166.959158,0,0,0,0
Vanuatu,VUT,2024,-15.376706,166.959158,0,0,0,0
Venezuela,VEN,2015,6.42375,-66.58973,32,32,0,0
Venezuela,VEN,2016,6.42375,-66.58973,60,60,0,0
Venezuela,VEN,2017,6.42375,-66.58973,76,76,0,0
Venezuela,VEN,2018,6.42375,-66.58973,94,94,0,0
Venezuela,VEN,2019,6.42375,-66.58973,78,78,0,0
Venezuela,VEN,2020,6.42375,-66.58973,0,0,0,0
Venezuela,VEN,2021,6.42375,-66.58973,7,3,2,2
Venezuela,VEN,2022,6.42375,-66.58973,16,9,1,6
Venezuela,VEN,2023,6.42375,-66.58973,3,2,0,1
Venezuela,VEN,2024,6.42375,-66.58973,0,0,0,0
Vietnam,VNM,2015,14.058324,108.277199,0,0,0,0
Vietnam,VNM,2016,14.058324,108.277199,0,0,0,0
Vietnam,VNM,2017,14.058324,108.277199,0,0,0,0
Vietnam,VNM,2018,14.058324,108.277199,0,0,0,0
Vietnam,VNM,2019,14.058324,108.277199,0,0,0,0
Vietnam,VNM,2020,14.058324,108.277199,0,0,0,0
Vietnam,VNM,2021,14.058324,108.277199,0,0,0,0
Vietnam,VNM,2022,14.058324,108.277199,0,0,0,0
Vietnam,VNM,2023,14.058324,108.277199,0,0,0,0
Vietnam,VNM,2024,14.058324,108.277199,0,0,0,0
Western Sahara,ESH,2015,24.215527,-12.885834,0,0,0,0
Western Sahara,ESH,2016,24.215527,-12.885834,0,0,0,0
Western Sahara,ESH,2017,24.215527,-12.885834,0,0,0,0
Western Sahara,ESH,2018,24.215527,-12.885834,0,0,0,0
Western Sahara,ESH,2019,24.215527,-12.885834,0,0,0,0
Western Sahara,ESH,2020,24.215527,-12.885834,0,0,0,0
Western Sahara,ESH,2021,24.215527,-12.885834,0,0,0,0
Western Sahara,ESH,2022,24.215527,-12.885834,0,0,0,0
Western Sahara,ESH,2023,24.215527,-12.885834,0,0,0,0
Western Sahara,ESH,2024,24.215527,-12.885834,0,0,0,0
Yemen,YEM,2015,15.552727,48.516388,8102,2282,4081,1739
Yemen,YEM,2016,15.552727,48.516388,4021,854,2513,654
Yemen,YEM,2017,15.552727,48.516388,3597,836,2371,390
Yemen,YEM,2018,15.552727,48.516388,4982,726,2969,1287
Yemen,YEM,2019,15.552727,48.516388,2925,657,1863,405
Yemen,YEM,2020,15.552727,48.516388,6733,693,5070,970
Yemen,YEM,2021,15.552727,48.516388,23441,707,22045,689
Yemen,YEM,2022,15.552727,48.516388,3176,767,2340,69
Yemen,YEM,2023,15.552727,48.516388,902,288,600,14
Yemen,YEM,2024,15.552727,48.516388,980,151,643,186
Zambia,ZMB,2015,-13.133897,27.849332,0,0,0,0
Zambia,ZMB,2016,-13.133897,27.849332,0,0,0,0
Zambia,ZMB,2017,-13.133897,27.849332,0,0,0,0
Zambia,ZMB,2018,-13.133897,27.849332,0,0,0,0
Zambia,ZMB,2019,-13.133897,27.849332,0,0,0,0
Zambia,ZMB,2020,-13.133897,27.849332,0,0,0,0
Zambia,ZMB,2021,-13.133897,27.849332,0,0,0,0
Zambia,ZMB,2022,-13.133897,27.849332,0,0,0,0
Zambia,ZMB,2023,-13.133897,27.849332,0,0,0,0
Zambia,ZMB,2024,-13.133897,27.849332,0,0,0,0
Zimbabwe,ZWE,2015,-19.015438,29.154857,0,0,0,0
Zimbabwe,ZWE,2016,-19.015438,29.154857,0,0,0,0
Zimbabwe,ZWE,2017,-19.015438,29.154857,0,0,0,0
Zimbabwe,ZWE,2018,-19.015438,29.154857,0,0,0,0
Zimbabwe,ZWE,2019,-19.015438,29.154857,0,0,0,0
Zimbabwe,ZWE,2020,-19.015438,29.154857,0,0,0,0
Zimbabwe,ZWE,2021,-19.015438,29.154857,0,0,0,0
Zimbabwe,ZWE,2022,-19.015438,29.154857,0,0,0,0
Zimbabwe,ZWE,2023,-19.015438,29.154857,0,0,0,0
Zimbabwe,ZWE,2024,-19.015438,29.154857,0,0,0,0
